Código,Provincia,Municipio,Ganador,% Ganador,% Escrutado,% Participación,Votos Cs,% Cs,Votos Extremadura Unida,% Extremadura Unida,Votos JxEx,% JxEx,Votos NEX,% NEX,Votos PACMA,% PACMA,Votos PP,% PP,Votos PSOE,% PSOE,Votos PUM+J,% PUM+J,Votos UED-SyT,% UED-SyT,Votos UxEx,% UxEx,Votos VOX,% VOX
10001,332,Abadía,PSOE,45.14%,0.00%,0.00%,0,0.00%,2,0.97%,0,0.00%,0,0.00%,0,0.00%,76,36.89%,93,45.14%,0,0.00%,0,0.00%,11,5.33%,20,9.70%
10002,371,Abertura,PP,38.07%,0.00%,0.00%,0,0.00%,1,0.41%,1,0.41%,0,0.00%,0,0.00%,91,38.07%,78,32.63%,0,0.00%,0,0.00%,19,7.94%,48,20.08%
10003,581,Acebo,PP,47.76%,0.00%,0.00%,0,0.00%,2,0.59%,0,0.00%,0,0.00%,0,0.00%,160,47.76%,89,26.56%,0,0.00%,1,0.29%,49,14.62%,32,9.55%
10004,804,Acehúche,PSOE,37.00%,0.00%,0.00%,0,0.00%,3,0.70%,3,0.70%,1,0.23%,0,0.00%,157,36.76%,158,37.00%,0,0.00%,0,0.00%,19,4.44%,80,18.73%
10005,584,Aceituna,PP,40.20%,0.00%,0.00%,0,0.00%,0,0.00%,3,1.01%,0,0.00%,1,0.33%,119,40.20%,91,30.74%,0,0.00%,1,0.33%,22,7.43%,55,18.58%
10006,1346,Ahigal,PSOE,41.35%,0.00%,0.00%,0,0.00%,0,0.00%,2,0.27%,2,0.27%,2,0.27%,270,36.48%,306,41.35%,0,0.00%,0,0.00%,28,3.78%,120,16.21%
10007,656,Albalá,PP,59.52%,0.00%,0.00%,0,0.00%,1,0.29%,2,0.59%,0,0.00%,0,0.00%,200,59.52%,49,14.58%,2,0.59%,0,0.00%,16,4.76%,65,19.34%
10008,1348,Alcántara,PP,52.08%,0.00%,0.00%,0,0.00%,6,0.73%,0,0.00%,6,0.73%,4,0.49%,425,52.08%,203,24.87%,0,0.00%,0,0.00%,56,6.86%,96,11.76%
10009,265,Alcollarín,PP,61.26%,0.00%,0.00%,0,0.00%,0,0.00%,0,0.00%,0,0.00%,1,0.70%,87,61.26%,29,20.42%,0,0.00%,0,0.00%,6,4.22%,18,12.67%
10010,2476,Alcuéscar,PP,39.90%,0.00%,0.00%,0,0.00%,5,0.48%,0,0.00%,8,0.77%,0,0.00%,413,39.90%,357,34.49%,5,0.48%,0,0.00%,67,6.47%,160,15.45%
10011,592,Aldeacentenera,PSOE,40.18%,0.00%,0.00%,0,0.00%,1,0.30%,1,0.30%,0,0.00%,0,0.00%,106,32.02%,133,40.18%,0,0.00%,3,0.90%,32,9.66%,53,16.01%
10012,601,Aldea del Cano,PSOE,40.54%,0.00%,0.00%,0,0.00%,1,0.24%,32,7.96%,1,0.24%,0,0.00%,130,32.33%,163,40.54%,0,0.00%,0,0.00%,28,6.96%,39,9.70%
10013,289,La Aldea del Obispo,PP,44.44%,0.00%,0.00%,0,0.00%,0,0.00%,1,0.74%,0,0.00%,1,0.74%,60,44.44%,39,28.88%,0,0.00%,0,0.00%,4,2.96%,30,22.22%
10014,1995,Aldeanueva de la Vera,PP,40.07%,0.00%,0.00%,0,0.00%,5,0.47%,3,0.28%,3,0.28%,0,0.00%,418,40.07%,312,29.91%,0,0.00%,0,0.00%,90,8.62%,197,18.88%
10015,700,Aldeanueva del Camino,PSOE,39.60%,0.00%,0.00%,0,0.00%,3,0.85%,14,3.98%,0,0.00%,0,0.00%,119,33.90%,139,39.60%,0,0.00%,2,0.56%,23,6.55%,42,11.96%
10016,352,Aldehuela de Jerte,PP,34.84%,0.00%,0.00%,0,0.00%,4,1.80%,6,2.71%,6,2.71%,0,0.00%,77,34.84%,64,28.95%,0,0.00%,0,0.00%,18,8.14%,38,17.19%
10017,745,Alía,PP,52.13%,0.00%,0.00%,0,0.00%,0,0.00%,0,0.00%,0,0.00%,0,0.00%,244,52.13%,140,29.91%,0,0.00%,0,0.00%,30,6.41%,52,11.11%
10018,1727,Aliseda,PP,42.27%,0.00%,0.00%,0,0.00%,4,0.47%,12,1.43%,4,0.47%,0,0.00%,353,42.27%,255,30.53%,0,0.00%,0,0.00%,63,7.54%,136,16.28%
10019,1620,Almaraz,PP,46.63%,0.00%,0.00%,0,0.00%,8,0.97%,7,0.85%,2,0.24%,0,0.00%,381,46.63%,140,17.13%,0,0.00%,0,0.00%,77,9.42%,191,23.37%
10020,1794,Almoharín,PSOE,41.76%,0.00%,0.00%,0,0.00%,5,0.49%,5,0.49%,0,0.00%,0,0.00%,352,34.50%,426,41.76%,3,0.29%,0,0.00%,90,8.82%,127,12.45%
10021,5520,Arroyo de la Luz,PP,40.92%,0.00%,0.00%,0,0.00%,36,1.17%,35,1.13%,19,0.61%,0,0.00%,1258,40.92%,1065,34.64%,0,0.00%,0,0.00%,323,10.50%,264,8.58%
10022,430,Arroyomolinos de la Vera,PP,47.38%,0.00%,0.00%,0,0.00%,1,0.40%,1,0.40%,3,1.20%,0,0.00%,118,47.38%,87,34.93%,0,0.00%,0,0.00%,18,7.22%,17,6.82%
10023,826,Arroyomolinos,PSOE,39.00%,0.00%,0.00%,0,0.00%,5,1.00%,11,2.19%,4,0.80%,0,0.00%,176,35.19%,195,39.00%,0,0.00%,0,0.00%,34,6.80%,67,13.40%
10024,738,Baños de Montemayor,PP,58.10%,0.00%,0.00%,0,0.00%,1,0.24%,2,0.49%,0,0.00%,0,0.00%,233,58.10%,76,18.95%,0,0.00%,0,0.00%,36,8.97%,45,11.22%
10025,382,Barrado,PSOE,37.63%,0.00%,0.00%,1,0.36%,1,0.36%,0,0.00%,6,2.21%,0,0.00%,96,35.42%,102,37.63%,0,0.00%,0,0.00%,45,16.60%,18,6.64%
10026,753,Belvís de Monroy,PP,39.73%,0.00%,0.00%,0,0.00%,0,0.00%,19,4.14%,6,1.31%,3,0.65%,182,39.73%,99,21.61%,0,0.00%,0,0.00%,34,7.42%,112,24.45%
10027,83,Benquerencia,PSOE,43.13%,0.00%,0.00%,0,0.00%,0,0.00%,0,0.00%,0,0.00%,0,0.00%,17,33.33%,22,43.13%,0,0.00%,0,0.00%,4,7.84%,8,15.68%
10028,126,Berrocalejo,PSOE,41.93%,0.00%,0.00%,0,0.00%,0,0.00%,0,0.00%,0,0.00%,0,0.00%,19,30.64%,26,41.93%,0,0.00%,0,0.00%,3,4.83%,13,20.96%
10029,394,Berzocana,PSOE,46.63%,0.00%,0.00%,0,0.00%,0,0.00%,1,0.42%,0,0.00%,0,0.00%,63,26.47%,111,46.63%,0,0.00%,0,0.00%,27,11.34%,31,13.02%
10030,503,Bohonal de Ibor,PP,34.11%,0.00%,0.00%,0,0.00%,6,2.35%,0,0.00%,1,0.39%,2,0.78%,87,34.11%,83,32.54%,0,0.00%,0,0.00%,24,9.41%,49,19.21%
10031,188,Botija,PP,53.44%,0.00%,0.00%,0,0.00%,0,0.00%,1,0.86%,0,0.00%,0,0.00%,62,53.44%,24,20.68%,0,0.00%,0,0.00%,9,7.75%,18,15.51%
10032,1751,Brozas,PP,53.57%,0.00%,0.00%,0,0.00%,7,0.70%,4,0.40%,6,0.60%,0,0.00%,532,53.57%,244,24.57%,0,0.00%,0,0.00%,87,8.76%,92,9.26%
10033,406,Cabañas del Castillo,PP,55.09%,0.00%,0.00%,0,0.00%,1,0.46%,1,0.46%,0,0.00%,0,0.00%,119,55.09%,30,13.88%,0,0.00%,0,0.00%,12,5.55%,52,24.07%
10034,333,Cabezabellosa,PP,42.85%,0.00%,0.00%,0,0.00%,1,0.49%,1,0.49%,1,0.49%,0,0.00%,87,42.85%,71,34.97%,0,0.00%,0,0.00%,18,8.86%,19,9.35%
10035,2164,Cabezuela del Valle,PSOE,38.15%,0.00%,0.00%,0,0.00%,7,0.66%,6,0.57%,7,0.66%,0,0.00%,338,32.15%,401,38.15%,0,0.00%,0,0.00%,159,15.12%,114,10.84%
10036,349,Cabrero,PSOE,49.12%,0.00%,0.00%,0,0.00%,2,0.87%,1,0.43%,0,0.00%,1,0.43%,67,29.38%,112,49.12%,0,0.00%,0,0.00%,24,10.52%,21,9.21%
10037,96448,Cáceres,PP,50.05%,0.00%,0.00%,0,0.00%,475,0.91%,545,1.05%,443,0.85%,0,0.00%,25857,50.05%,8507,16.46%,0,0.00%,0,0.00%,6959,13.47%,7642,14.79%
10038,83,Cachorrilla,PP,61.11%,0.00%,0.00%,0,0.00%,1,1.85%,0,0.00%,0,0.00%,0,0.00%,33,61.11%,9,16.66%,1,1.85%,0,0.00%,2,3.70%,8,14.81%
10039,406,Cadalso,PP,44.44%,0.00%,0.00%,0,0.00%,2,0.82%,1,0.41%,0,0.00%,0,0.00%,108,44.44%,63,25.92%,0,0.00%,2,0.82%,23,9.46%,40,16.46%
10040,457,Calzadilla,PSOE,37.95%,0.00%,0.00%,0,0.00%,7,2.55%,0,0.00%,0,0.00%,1,0.36%,89,32.48%,104,37.95%,0,0.00%,0,0.00%,20,7.29%,52,18.97%
10041,1129,Caminomorisco,PP,51.27%,0.00%,0.00%,1,0.14%,2,0.29%,4,0.59%,0,0.00%,0,0.00%,343,51.27%,167,24.96%,0,0.00%,0,0.00%,70,10.46%,76,11.36%
10042,84,Campillo de Deleitosa,N/A,0.00%,0.00%,0.00%,0,0.00%,0,0.00%,0,0.00%,0,0.00%,0,0.00%,0,0.00%,0,0.00%,0,0.00%,0,0.00%,0,0.00%,0,0.00%
10043,806,Campo Lugar,PP,49.80%,0.00%,0.00%,0,0.00%,0,0.00%,0,0.00%,1,0.19%,2,0.39%,250,49.80%,173,34.46%,0,0.00%,0,0.00%,27,5.37%,48,9.56%
10044,1603,Cañamero,PSOE,38.93%,0.00%,0.00%,0,0.00%,5,0.66%,6,0.80%,0,0.00%,0,0.00%,221,29.46%,292,38.93%,0,0.00%,3,0.40%,72,9.59%,145,19.33%
10045,1018,Cañaveral,PP,38.85%,0.00%,0.00%,2,0.36%,3,0.55%,4,0.73%,0,0.00%,0,0.00%,211,38.85%,184,33.88%,0,0.00%,0,0.00%,72,13.25%,63,11.60%
10046,176,Carbajo,PSOE,50.46%,0.00%,0.00%,0,0.00%,1,0.93%,1,0.93%,2,1.86%,0,0.00%,32,29.90%,54,50.46%,0,0.00%,0,0.00%,10,9.34%,6,5.60%
10047,1072,Carcaboso,PSOE,40.79%,0.00%,0.00%,0,0.00%,9,1.43%,10,1.60%,0,0.00%,6,0.95%,198,31.68%,255,40.79%,0,0.00%,0,0.00%,63,10.08%,73,11.67%
10048,226,Carrascalejo,PP,54.40%,0.00%,0.00%,0,0.00%,0,0.00%,0,0.00%,0,0.00%,0,0.00%,68,54.40%,28,22.40%,0,0.00%,0,0.00%,9,7.19%,18,14.39%
10049,4477,Casar de Cáceres,PP,44.44%,0.00%,0.00%,0,0.00%,16,0.60%,26,0.98%,0,0.00%,15,0.56%,1177,44.44%,915,34.55%,0,0.00%,0,0.00%,169,6.38%,285,10.76%
10050,995,Casar de Palomero,PP,48.35%,0.00%,0.00%,0,0.00%,3,0.47%,3,0.47%,0,0.00%,4,0.62%,308,48.35%,232,36.42%,0,0.00%,0,0.00%,19,2.98%,66,10.36%
10051,376,Casares de las Hurdes,PP,56.22%,0.00%,0.00%,0,0.00%,0,0.00%,11,4.72%,0,0.00%,0,0.00%,131,56.22%,48,20.60%,0,0.00%,0,0.00%,0,0.00%,42,18.02%
10052,178,Casas de Don Antonio,PP,59.04%,0.00%,0.00%,0,0.00%,1,0.95%,0,0.00%,0,0.00%,0,0.00%,62,59.04%,10,9.52%,0,0.00%,0,0.00%,2,1.90%,30,28.57%
10053,328,Casas de Don Gómez,PP,48.27%,0.00%,0.00%,0,0.00%,0,0.00%,1,0.68%,0,0.00%,0,0.00%,70,48.27%,41,28.27%,0,0.00%,0,0.00%,6,4.13%,23,15.86%
10054,584,Casas del Castañar,PP,36.18%,0.00%,0.00%,1,0.27%,0,0.00%,1,0.27%,5,1.38%,0,0.00%,131,36.18%,99,27.34%,0,0.00%,0,0.00%,32,8.83%,90,24.86%
10055,767,Casas del Monte,PP,47.18%,0.00%,0.00%,0,0.00%,2,0.48%,2,0.48%,2,0.48%,0,0.00%,193,47.18%,96,23.47%,0,0.00%,0,0.00%,43,10.51%,64,15.64%
10056,567,Casas de Millán,PSOE,42.14%,0.00%,0.00%,0,0.00%,0,0.00%,2,0.66%,1,0.33%,4,1.33%,92,30.76%,126,42.14%,0,0.00%,0,0.00%,26,8.69%,41,13.71%
10057,112,Casas de Miravete,PSOE,44.59%,0.00%,0.00%,0,0.00%,0,0.00%,2,2.70%,2,2.70%,1,1.35%,16,21.62%,33,44.59%,0,0.00%,0,0.00%,6,8.10%,14,18.91%
10058,1378,Casatejada,PP,39.15%,0.00%,0.00%,0,0.00%,4,0.70%,10,1.76%,2,0.35%,0,0.00%,222,39.15%,163,28.74%,0,0.00%,0,0.00%,29,5.11%,128,22.57%
10059,344,Casillas de Coria,PP,40.74%,0.00%,0.00%,0,0.00%,0,0.00%,0,0.00%,0,0.00%,0,0.00%,77,40.74%,73,38.62%,0,0.00%,0,0.00%,6,3.17%,32,16.93%
10060,1033,Castañar de Ibor,PP,37.63%,0.00%,0.00%,0,0.00%,1,0.18%,0,0.00%,0,0.00%,0,0.00%,204,37.63%,163,30.07%,0,0.00%,1,0.18%,28,5.16%,143,26.38%
10061,1781,Ceclavín,PSOE,39.29%,0.00%,0.00%,0,0.00%,6,0.75%,11,1.37%,7,0.87%,0,0.00%,250,31.28%,314,39.29%,0,0.00%,0,0.00%,64,8.01%,121,15.14%
10062,434,Cedillo,PSOE,42.29%,0.00%,0.00%,0,0.00%,7,2.50%,5,1.79%,7,2.50%,0,0.00%,63,22.58%,118,42.29%,0,0.00%,0,0.00%,49,17.56%,26,9.31%
10063,152,Cerezo,PP,45.23%,0.00%,0.00%,1,0.79%,0,0.00%,0,0.00%,0,0.00%,1,0.79%,57,45.23%,50,39.68%,0,0.00%,0,0.00%,9,7.14%,8,6.34%
10064,1553,Cilleros,PP,48.12%,0.00%,0.00%,0,0.00%,1,0.12%,3,0.36%,1,0.12%,0,0.00%,397,48.12%,239,28.96%,0,0.00%,0,0.00%,52,6.30%,126,15.27%
10065,275,Collado de la Vera,PSOE,32.60%,0.00%,0.00%,0,0.00%,4,2.89%,1,0.72%,2,1.44%,0,0.00%,41,29.71%,45,32.60%,0,0.00%,0,0.00%,22,15.94%,22,15.94%
10066,184,Conquista de la Sierra,PP,54.62%,0.00%,0.00%,0,0.00%,1,0.92%,0,0.00%,1,0.92%,0,0.00%,59,54.62%,23,21.29%,0,0.00%,0,0.00%,4,3.70%,19,17.59%
10067,12125,Coria,PP,43.80%,0.00%,0.00%,0,0.00%,52,0.84%,30,0.48%,32,0.51%,0,0.00%,2708,43.80%,1548,25.04%,0,0.00%,0,0.00%,490,7.92%,1202,19.44%
10068,829,Cuacos de Yuste,PP,39.22%,0.00%,0.00%,0,0.00%,3,0.68%,0,0.00%,2,0.45%,3,0.68%,171,39.22%,133,30.50%,0,0.00%,0,0.00%,47,10.77%,76,17.43%
10069,828,La Cumbre,PP,48.45%,0.00%,0.00%,0,0.00%,4,0.82%,6,1.23%,0,0.00%,2,0.41%,236,48.45%,144,29.56%,0,0.00%,0,0.00%,27,5.54%,58,11.90%
10070,683,Deleitosa,PP,55.18%,0.00%,0.00%,0,0.00%,2,0.47%,2,0.47%,1,0.23%,0,0.00%,234,55.18%,104,24.52%,0,0.00%,0,0.00%,8,1.88%,66,15.56%
10071,109,Descargamaría,PSOE,40.00%,0.00%,0.00%,0,0.00%,1,1.53%,0,0.00%,2,3.07%,0,0.00%,21,32.30%,26,40.00%,0,0.00%,0,0.00%,7,10.76%,8,12.30%
10072,837,Eljas,PSOE,46.55%,0.00%,0.00%,0,0.00%,0,0.00%,1,0.23%,1,0.23%,2,0.47%,129,30.64%,196,46.55%,0,0.00%,0,0.00%,20,4.75%,67,15.91%
10073,875,Escurial,PP,41.72%,0.00%,0.00%,0,0.00%,2,0.46%,3,0.69%,1,0.23%,0,0.00%,179,41.72%,130,30.30%,0,0.00%,0,0.00%,28,6.52%,76,17.71%
10075,239,Fresnedoso de Ibor,VOX,30.64%,0.00%,0.00%,0,0.00%,3,2.41%,1,0.80%,1,0.80%,0,0.00%,37,29.83%,31,25.00%,0,0.00%,0,0.00%,12,9.67%,38,30.64%
10076,844,Galisteo,PSOE,38.10%,0.00%,0.00%,0,0.00%,4,0.88%,3,0.66%,0,0.00%,0,0.00%,122,26.87%,173,38.10%,0,0.00%,3,0.66%,30,6.60%,106,23.34%
10077,664,Garciaz,PP,37.11%,0.00%,0.00%,41,11.61%,0,0.00%,3,0.84%,7,1.98%,0,0.00%,131,37.11%,74,20.96%,0,0.00%,0,0.00%,53,15.01%,39,11.04%
10078,355,La Garganta,PP,39.51%,0.00%,0.00%,0,0.00%,0,0.00%,2,0.97%,1,0.48%,0,0.00%,81,39.51%,78,38.04%,0,0.00%,1,0.48%,24,11.70%,18,8.78%
10079,886,Garganta la Olla,PP,48.48%,0.00%,0.00%,0,0.00%,2,0.37%,1,0.18%,1,0.18%,0,0.00%,256,48.48%,122,23.10%,0,0.00%,0,0.00%,41,7.76%,103,19.50%
10080,364,Gargantilla,PP,46.88%,0.00%,0.00%,0,0.00%,1,0.47%,0,0.00%,1,0.47%,0,0.00%,98,46.88%,70,33.49%,0,0.00%,0,0.00%,13,6.22%,24,11.48%
10081,185,Gargüera,PP,41.74%,0.00%,0.00%,0,0.00%,0,0.00%,0,0.00%,1,0.97%,2,1.94%,43,41.74%,23,22.33%,0,0.00%,0,0.00%,11,10.67%,23,22.33%
10082,1967,Garrovillas de Alconétar,PSOE,37.67%,0.00%,0.00%,11,1.03%,3,0.28%,0,0.00%,0,0.00%,6,0.56%,369,34.58%,402,37.67%,0,0.00%,0,0.00%,74,6.93%,182,17.05%
10083,101,Garvín,VOX,45.45%,0.00%,0.00%,0,0.00%,1,1.81%,0,0.00%,2,3.63%,0,0.00%,15,27.27%,11,20.00%,0,0.00%,0,0.00%,1,1.81%,25,45.45%
10084,1373,Gata,PP,40.57%,0.00%,0.00%,0,0.00%,4,0.63%,4,0.63%,6,0.95%,0,0.00%,254,40.57%,181,28.91%,0,0.00%,0,0.00%,64,10.22%,104,16.61%
10085,376,El Gordo,PP,35.62%,0.00%,0.00%,1,0.62%,4,2.50%,5,3.12%,0,0.00%,0,0.00%,57,35.62%,35,21.87%,0,0.00%,2,1.25%,0,0.00%,55,34.37%
10086,316,La Granja,PP,52.70%,0.00%,0.00%,0,0.00%,1,0.49%,0,0.00%,0,0.00%,0,0.00%,107,52.70%,51,25.12%,1,0.49%,1,0.49%,6,2.95%,33,16.25%
10087,1751,Guadalupe,PP,41.62%,0.00%,0.00%,0,0.00%,8,0.90%,0,0.00%,2,0.22%,0,0.00%,368,41.62%,236,26.69%,2,0.22%,0,0.00%,59,6.67%,203,22.96%
10088,188,Guijo de Coria,PP,51.04%,0.00%,0.00%,0,0.00%,0,0.00%,0,0.00%,0,0.00%,0,0.00%,49,51.04%,20,20.83%,0,0.00%,0,0.00%,6,6.25%,20,20.83%
10089,1490,Guijo de Galisteo,PP,36.62%,0.00%,0.00%,0,0.00%,13,1.60%,9,1.10%,0,0.00%,9,1.10%,297,36.62%,267,32.92%,0,0.00%,0,0.00%,55,6.78%,142,17.50%
10090,487,Guijo de Granadilla,PP,41.22%,0.00%,0.00%,1,0.38%,2,0.76%,0,0.00%,0,0.00%,1,0.38%,108,41.22%,90,34.35%,0,0.00%,0,0.00%,21,8.01%,38,14.50%
10091,375,Guijo de Santa Bárbara,PP,52.04%,0.00%,0.00%,0,0.00%,3,1.22%,1,0.40%,2,0.81%,0,0.00%,127,52.04%,62,25.40%,0,0.00%,0,0.00%,12,4.91%,35,14.34%
10092,270,Herguijuela,PP,41.37%,0.00%,0.00%,0,0.00%,0,0.00%,0,0.00%,1,0.57%,0,0.00%,72,41.37%,69,39.65%,0,0.00%,0,0.00%,11,6.32%,20,11.49%
10093,412,Hernán-Pérez,PSOE,52.12%,0.00%,0.00%,0,0.00%,0,0.00%,1,0.38%,0,0.00%,0,0.00%,66,25.48%,135,52.12%,1,0.38%,0,0.00%,23,8.88%,31,11.96%
10094,226,Herrera de Alcántara,PSOE,50.00%,0.00%,0.00%,0,0.00%,2,1.40%,4,2.81%,0,0.00%,0,0.00%,32,22.53%,71,50.00%,0,0.00%,0,0.00%,13,9.15%,20,14.08%
10095,333,Herreruela,PP,44.08%,0.00%,0.00%,0,0.00%,0,0.00%,1,0.40%,0,0.00%,0,0.00%,108,44.08%,105,42.85%,0,0.00%,0,0.00%,8,3.26%,20,8.16%
10096,3922,Hervás,PP,37.85%,0.00%,0.00%,0,0.00%,21,1.11%,20,1.06%,0,0.00%,12,0.63%,714,37.85%,602,31.91%,0,0.00%,0,0.00%,306,16.22%,176,9.33%
10097,99,Higuera de Albalat,PSOE,38.09%,0.00%,0.00%,0,0.00%,1,1.58%,0,0.00%,0,0.00%,0,0.00%,22,34.92%,24,38.09%,0,0.00%,0,0.00%,2,3.17%,13,20.63%
10098,388,Hinojal,PP,36.53%,0.00%,0.00%,0,0.00%,6,2.30%,2,0.76%,0,0.00%,0,0.00%,95,36.53%,84,32.30%,1,0.38%,0,0.00%,32,12.30%,40,15.38%
10099,593,Holguera,PP,40.39%,0.00%,0.00%,0,0.00%,0,0.00%,12,3.90%,4,1.30%,2,0.65%,124,40.39%,71,23.12%,0,0.00%,0,0.00%,22,7.16%,68,22.14%
10100,862,Hoyos,PP,37.19%,0.00%,0.00%,0,0.00%,0,0.00%,0,0.00%,0,0.00%,2,0.48%,154,37.19%,118,28.50%,3,0.72%,4,0.96%,63,15.21%,65,15.70%
10101,206,Huélaga,PSOE,40.15%,0.00%,0.00%,0,0.00%,1,0.78%,0,0.00%,0,0.00%,1,0.78%,50,39.37%,51,40.15%,0,0.00%,0,0.00%,1,0.78%,21,16.53%
10102,545,Ibahernando,PSOE,41.01%,0.00%,0.00%,0,0.00%,2,0.59%,21,6.28%,3,0.89%,0,0.00%,100,29.94%,137,41.01%,0,0.00%,0,0.00%,26,7.78%,42,12.57%
10103,436,Jaraicejo,PP,44.44%,0.00%,0.00%,0,0.00%,0,0.00%,1,0.44%,0,0.00%,1,0.44%,100,44.44%,69,30.66%,0,0.00%,1,0.44%,23,10.22%,28,12.44%
10104,6724,Jaraíz de la Vera,PP,50.21%,0.00%,0.00%,0,0.00%,30,1.01%,15,0.50%,0,0.00%,10,0.33%,1489,50.21%,590,19.89%,0,0.00%,0,0.00%,221,7.45%,564,19.02%
10105,2841,Jarandilla de la Vera,PP,43.62%,0.00%,0.00%,7,0.52%,13,0.96%,0,0.00%,6,0.44%,0,0.00%,585,43.62%,345,25.72%,0,0.00%,0,0.00%,99,7.38%,263,19.61%
10106,139,Jarilla,PSOE,40.00%,0.00%,0.00%,0,0.00%,2,2.35%,0,0.00%,0,0.00%,0,0.00%,27,31.76%,34,40.00%,0,0.00%,0,0.00%,7,8.23%,13,15.29%
10107,1205,Jerte,PP,41.67%,0.00%,0.00%,0,0.00%,8,1.26%,4,0.63%,0,0.00%,0,0.00%,263,41.67%,242,38.35%,0,0.00%,4,0.63%,43,6.81%,52,8.24%
10108,185,Ladrillar,VOX,39.53%,0.00%,0.00%,0,0.00%,0,0.00%,1,1.16%,0,0.00%,0,0.00%,29,33.72%,16,18.60%,0,0.00%,0,0.00%,6,6.97%,34,39.53%
10109,1910,Logrosán,PP,39.55%,0.00%,0.00%,5,0.58%,3,0.35%,4,0.46%,0,0.00%,0,0.00%,339,39.55%,233,27.18%,0,0.00%,0,0.00%,60,7.00%,193,22.52%
10110,2808,Losar de la Vera,PP,45.76%,0.00%,0.00%,0,0.00%,13,1.01%,13,1.01%,9,0.69%,0,0.00%,589,45.76%,301,23.38%,0,0.00%,0,0.00%,88,6.83%,253,19.65%
10111,1536,Madrigal de la Vera,PP,38.08%,0.00%,0.00%,0,0.00%,5,0.68%,43,5.89%,0,0.00%,0,0.00%,278,38.08%,157,21.50%,0,0.00%,38,5.20%,48,6.57%,150,20.54%
10112,1704,Madrigalejo,PP,52.36%,0.00%,0.00%,0,0.00%,1,0.10%,2,0.21%,2,0.21%,0,0.00%,488,52.36%,230,24.67%,0,0.00%,0,0.00%,39,4.18%,161,17.27%
10113,2373,Madroñera,PP,38.69%,0.00%,0.00%,0,0.00%,13,1.06%,0,0.00%,6,0.48%,5,0.40%,474,38.69%,350,28.57%,0,0.00%,0,0.00%,228,18.61%,131,10.69%
10114,1261,Majadas,PSOE,37.52%,0.00%,0.00%,0,0.00%,6,1.16%,38,7.35%,0,0.00%,2,0.38%,120,23.21%,194,37.52%,0,0.00%,0,0.00%,84,16.24%,64,12.37%
10115,4032,Malpartida de Cáceres,PP,47.48%,0.00%,0.00%,0,0.00%,24,1.01%,19,0.80%,20,0.84%,0,0.00%,1124,47.48%,573,24.20%,0,0.00%,0,0.00%,258,10.89%,312,13.18%
10116,4663,Malpartida de Plasencia,PP,37.29%,0.00%,0.00%,0,0.00%,20,0.87%,18,0.78%,21,0.92%,0,0.00%,851,37.29%,637,27.91%,0,0.00%,0,0.00%,302,13.23%,373,16.34%
10117,238,Marchagaz,PSOE,66.14%,0.00%,0.00%,0,0.00%,0,0.00%,0,0.00%,4,3.14%,0,0.00%,31,24.40%,84,66.14%,0,0.00%,0,0.00%,2,1.57%,6,4.72%
10118,290,Mata de Alcántara,PP,39.70%,0.00%,0.00%,0,0.00%,0,0.00%,5,2.45%,0,0.00%,0,0.00%,81,39.70%,79,38.72%,0,0.00%,1,0.49%,22,10.78%,13,6.37%
10119,578,Membrío,PSOE,33.62%,0.00%,0.00%,0,0.00%,1,0.29%,1,0.29%,1,0.29%,0,0.00%,106,31.26%,114,33.62%,0,0.00%,0,0.00%,29,8.55%,84,24.77%
10120,154,Mesas de Ibor,PSOE,39.28%,0.00%,0.00%,1,1.19%,4,4.76%,0,0.00%,0,0.00%,0,0.00%,29,34.52%,33,39.28%,0,0.00%,0,0.00%,5,5.95%,12,14.28%
10121,9368,Miajadas,PP,42.12%,0.00%,0.00%,0,0.00%,39,0.82%,0,0.00%,15,0.31%,20,0.42%,2003,42.12%,1132,23.80%,0,0.00%,0,0.00%,476,10.01%,992,20.86%
10122,226,Millanes,PP,45.33%,0.00%,0.00%,0,0.00%,1,0.66%,2,1.33%,3,2.00%,0,0.00%,68,45.33%,27,18.00%,0,0.00%,0,0.00%,9,6.00%,37,24.66%
10123,633,Mirabel,PSOE,42.60%,0.00%,0.00%,0,0.00%,0,0.00%,1,0.25%,0,0.00%,1,0.25%,145,36.34%,170,42.60%,1,0.25%,0,0.00%,30,7.51%,48,12.03%
10124,862,Mohedas de Granadilla,PP,42.28%,0.00%,0.00%,2,0.38%,4,0.76%,1,0.19%,0,0.00%,0,0.00%,222,42.28%,178,33.90%,0,0.00%,0,0.00%,35,6.66%,69,13.14%
10125,884,Monroy,N/A,0.00%,0.00%,0.00%,0,0.00%,0,0.00%,0,0.00%,0,0.00%,0,0.00%,0,0.00%,0,0.00%,0,0.00%,0,0.00%,0,0.00%,0,0.00%
10126,1622,Montánchez,PP,53.46%,0.00%,0.00%,0,0.00%,4,0.48%,2,0.24%,0,0.00%,0,0.00%,440,53.46%,206,25.03%,0,0.00%,3,0.36%,49,5.95%,111,13.48%
10127,5599,Montehermoso,PP,42.17%,0.00%,0.00%,0,0.00%,20,0.78%,12,0.47%,13,0.51%,0,0.00%,1070,42.17%,528,20.81%,0,0.00%,0,0.00%,331,13.04%,521,20.53%
10128,6577,Moraleja,PP,40.52%,0.00%,0.00%,0,0.00%,24,0.75%,10,0.31%,13,0.40%,0,0.00%,1286,40.52%,1087,34.25%,0,0.00%,0,0.00%,167,5.26%,536,16.89%
10129,369,Morcillo,PP,36.57%,0.00%,0.00%,2,0.92%,6,2.77%,4,1.85%,0,0.00%,0,0.00%,79,36.57%,70,32.40%,0,0.00%,0,0.00%,27,12.50%,26,12.03%
10130,2045,Navaconcejo,PSOE,41.25%,0.00%,0.00%,3,0.27%,10,0.92%,4,0.37%,0,0.00%,0,0.00%,349,32.28%,446,41.25%,0,0.00%,0,0.00%,176,16.28%,78,7.21%
10131,17043,Navalmoral de la Mata,PP,45.01%,0.00%,0.00%,0,0.00%,54,0.74%,102,1.41%,0,0.00%,36,0.49%,3252,45.01%,1377,19.06%,0,0.00%,0,0.00%,548,7.58%,1701,23.54%
10132,380,Navalvillar de Ibor,PSOE,49.06%,0.00%,0.00%,0,0.00%,1,0.46%,0,0.00%,1,0.46%,0,0.00%,64,29.90%,105,49.06%,0,0.00%,0,0.00%,6,2.80%,35,16.35%
10133,1259,Navas del Madroño,PSOE,54.31%,0.00%,0.00%,0,0.00%,5,0.74%,2,0.29%,1,0.14%,0,0.00%,156,23.21%,365,54.31%,0,0.00%,0,0.00%,80,11.90%,54,8.03%
10134,649,Navezuelas,PP,56.05%,0.00%,0.00%,0,0.00%,1,0.28%,0,0.00%,1,0.28%,0,0.00%,199,56.05%,89,25.07%,0,0.00%,0,0.00%,8,2.25%,55,15.49%
10135,1202,Nuñomoral,PP,43.15%,0.00%,0.00%,0,0.00%,2,0.27%,0,0.00%,3,0.41%,3,0.41%,309,43.15%,225,31.42%,0,0.00%,0,0.00%,30,4.18%,140,19.55%
10136,292,Oliva de Plasencia,PP,42.44%,0.00%,0.00%,0,0.00%,1,0.58%,2,1.16%,0,0.00%,2,1.16%,73,42.44%,47,27.32%,0,0.00%,0,0.00%,21,12.20%,25,14.53%
10137,452,Palomero,PP,47.90%,0.00%,0.00%,1,0.34%,0,0.00%,0,0.00%,0,0.00%,0,0.00%,137,47.90%,100,34.96%,0,0.00%,0,0.00%,13,4.54%,34,11.88%
10138,594,Pasarón de la Vera,PSOE,54.09%,0.00%,0.00%,1,0.29%,5,1.46%,2,0.58%,0,0.00%,0,0.00%,85,24.85%,185,54.09%,0,0.00%,0,0.00%,36,10.52%,19,5.55%
10139,103,Pedroso de Acim,PP,50.79%,0.00%,0.00%,0,0.00%,1,1.58%,0,0.00%,0,0.00%,0,0.00%,32,50.79%,21,33.33%,0,0.00%,0,0.00%,5,7.93%,3,4.76%
10140,1429,Peraleda de la Mata,PP,45.71%,0.00%,0.00%,0,0.00%,3,0.44%,7,1.03%,1,0.14%,0,0.00%,309,45.71%,180,26.62%,0,0.00%,0,0.00%,32,4.73%,139,20.56%
10141,279,Peraleda de San Román,PP,39.72%,0.00%,0.00%,0,0.00%,0,0.00%,1,0.68%,0,0.00%,0,0.00%,58,39.72%,48,32.87%,0,0.00%,0,0.00%,8,5.47%,31,21.23%
10142,906,Perales del Puerto,PP,51.47%,0.00%,0.00%,0,0.00%,4,0.84%,2,0.42%,0,0.00%,0,0.00%,244,51.47%,126,26.58%,0,0.00%,1,0.21%,63,13.29%,32,6.75%
10143,148,Pescueza,PSOE,52.47%,0.00%,0.00%,0,0.00%,1,0.99%,0,0.00%,1,0.99%,0,0.00%,34,33.66%,53,52.47%,0,0.00%,1,0.99%,3,2.97%,4,3.96%
10144,955,La Pesga,PP,50.24%,0.00%,0.00%,0,0.00%,2,0.32%,0,0.00%,3,0.49%,0,0.00%,307,50.24%,214,35.02%,0,0.00%,5,0.81%,18,2.94%,56,9.16%
10145,124,Piedras Albas,PSOE,41.77%,0.00%,0.00%,0,0.00%,0,0.00%,1,1.26%,0,0.00%,0,0.00%,22,27.84%,33,41.77%,0,0.00%,0,0.00%,7,8.86%,15,18.98%
10146,1771,Pinofranqueado,PP,40.45%,0.00%,0.00%,0,0.00%,3,0.32%,7,0.75%,3,0.32%,0,0.00%,373,40.45%,268,29.06%,0,0.00%,0,0.00%,97,10.52%,154,16.70%
10147,1453,Piornal,PSOE,44.59%,0.00%,0.00%,0,0.00%,4,0.49%,5,0.62%,14,1.73%,0,0.00%,233,28.94%,359,44.59%,0,0.00%,0,0.00%,110,13.66%,68,8.44%
10148,40052,Plasencia,PP,44.01%,0.00%,0.00%,0,0.00%,161,0.85%,158,0.83%,247,1.30%,0,0.00%,8305,44.01%,4010,21.25%,0,0.00%,0,0.00%,2239,11.86%,3252,17.23%
10149,522,Plasenzuela,PP,42.85%,0.00%,0.00%,0,0.00%,1,0.38%,29,11.19%,3,1.15%,0,0.00%,111,42.85%,64,24.71%,0,0.00%,0,0.00%,16,6.17%,34,13.12%
10150,376,Portaje,PSOE,50.42%,0.00%,0.00%,1,0.42%,2,0.84%,1,0.42%,0,0.00%,0,0.00%,68,28.81%,119,50.42%,0,0.00%,0,0.00%,12,5.08%,29,12.28%
10151,207,Portezuelo,PSOE,45.94%,0.00%,0.00%,0,0.00%,2,1.80%,1,0.90%,0,0.00%,0,0.00%,44,39.63%,51,45.94%,0,0.00%,0,0.00%,3,2.70%,7,6.30%
10152,428,Pozuelo de Zarzón,PP,38.28%,0.00%,0.00%,0,0.00%,0,0.00%,0,0.00%,3,1.17%,1,0.39%,98,38.28%,91,35.54%,0,0.00%,1,0.39%,18,7.03%,42,16.40%
10153,264,Puerto de Santa Cruz,PP,48.88%,0.00%,0.00%,0,0.00%,5,2.77%,2,1.11%,0,0.00%,2,1.11%,88,48.88%,44,24.44%,0,0.00%,0,0.00%,14,7.77%,22,12.22%
10154,196,Rebollar,PP,58.67%,0.00%,0.00%,0,0.00%,1,0.82%,1,0.82%,0,0.00%,0,0.00%,71,58.67%,29,23.96%,0,0.00%,1,0.82%,11,9.09%,6,4.95%
10155,1177,Riolobos,PSOE,36.98%,0.00%,0.00%,0,0.00%,0,0.00%,1,0.14%,1,0.14%,0,0.00%,240,35.50%,250,36.98%,0,0.00%,2,0.29%,69,10.20%,110,16.27%
10156,94,Robledillo de Gata,PSOE,40.67%,0.00%,0.00%,0,0.00%,6,10.16%,0,0.00%,1,1.69%,0,0.00%,15,25.42%,24,40.67%,0,0.00%,0,0.00%,12,20.33%,1,1.69%
10157,260,Robledillo de la Vera,PP,38.46%,0.00%,0.00%,0,0.00%,0,0.00%,1,0.69%,0,0.00%,0,0.00%,55,38.46%,51,35.66%,0,0.00%,0,0.00%,13,9.09%,20,13.98%
10158,367,Robledillo de Trujillo,PSOE,50.22%,0.00%,0.00%,0,0.00%,0,0.00%,0,0.00%,0,0.00%,0,0.00%,61,27.35%,112,50.22%,0,0.00%,0,0.00%,4,1.79%,43,19.28%
10159,321,Robledollano,PSOE,34.75%,0.00%,0.00%,1,0.53%,0,0.00%,1,0.53%,0,0.00%,0,0.00%,61,32.62%,65,34.75%,0,0.00%,0,0.00%,6,3.20%,52,27.80%
10160,251,Romangordo,PSOE,38.73%,0.00%,0.00%,0,0.00%,0,0.00%,2,1.40%,0,0.00%,1,0.70%,50,35.21%,55,38.73%,0,0.00%,0,0.00%,16,11.26%,17,11.97%
10161,82,Ruanes,PP,36.53%,0.00%,0.00%,0,0.00%,0,0.00%,0,0.00%,0,0.00%,1,1.92%,19,36.53%,17,32.69%,0,0.00%,0,0.00%,5,9.61%,10,19.23%
10162,538,Salorino,PSOE,62.17%,0.00%,0.00%,0,0.00%,0,0.00%,3,0.85%,0,0.00%,1,0.28%,86,24.64%,217,62.17%,0,0.00%,0,0.00%,16,4.58%,21,6.01%
10163,247,Salvatierra de Santiago,PP,42.50%,0.00%,0.00%,12,7.50%,0,0.00%,0,0.00%,0,0.00%,0,0.00%,68,42.50%,51,31.87%,0,0.00%,0,0.00%,10,6.25%,18,11.25%
10164,705,San Martín de Trevejo,PSOE,45.76%,0.00%,0.00%,0,0.00%,1,0.31%,1,0.31%,0,0.00%,2,0.62%,116,36.36%,146,45.76%,0,0.00%,0,0.00%,21,6.58%,30,9.40%
10165,306,Santa Ana,PP,54.87%,0.00%,0.00%,0,0.00%,0,0.00%,0,0.00%,0,0.00%,0,0.00%,107,54.87%,63,32.30%,0,0.00%,0,0.00%,11,5.64%,14,7.17%
10166,324,Santa Cruz de la Sierra,PP,45.36%,0.00%,0.00%,0,0.00%,0,0.00%,25,12.19%,0,0.00%,0,0.00%,93,45.36%,36,17.56%,1,0.48%,0,0.00%,9,4.39%,40,19.51%
10167,289,Santa Cruz de Paniagua,PP,44.94%,0.00%,0.00%,0,0.00%,0,0.00%,3,1.68%,0,0.00%,0,0.00%,80,44.94%,61,34.26%,0,0.00%,0,0.00%,6,3.37%,24,13.48%
10168,291,Santa Marta de Magasca,PP,42.92%,0.00%,0.00%,0,0.00%,1,0.47%,2,0.94%,1,0.47%,0,0.00%,91,42.92%,82,38.67%,0,0.00%,0,0.00%,11,5.18%,21,9.90%
10169,462,Santiago de Alcántara,PP,50.65%,0.00%,0.00%,0,0.00%,1,0.32%,0,0.00%,1,0.32%,1,0.32%,155,50.65%,102,33.33%,0,0.00%,0,0.00%,18,5.88%,27,8.82%
10170,249,Santiago del Campo,PP,48.70%,0.00%,0.00%,0,0.00%,1,0.64%,3,1.94%,3,1.94%,0,0.00%,75,48.70%,31,20.12%,0,0.00%,0,0.00%,14,9.09%,25,16.23%
10171,385,Santibáñez el Alto,PSOE,43.08%,0.00%,0.00%,0,0.00%,0,0.00%,0,0.00%,0,0.00%,2,1.06%,71,37.76%,81,43.08%,0,0.00%,0,0.00%,10,5.31%,23,12.23%
10172,712,Santibáñez el Bajo,PP,46.29%,0.00%,0.00%,0,0.00%,1,0.25%,0,0.00%,0,0.00%,0,0.00%,181,46.29%,106,27.10%,0,0.00%,0,0.00%,39,9.97%,62,15.85%
10173,986,Saucedilla,PP,37.01%,0.00%,0.00%,2,0.51%,0,0.00%,18,4.62%,3,0.77%,0,0.00%,144,37.01%,82,21.07%,0,0.00%,0,0.00%,18,4.62%,118,30.33%
10174,181,Segura de Toro,PP,41.28%,0.00%,0.00%,1,0.91%,0,0.00%,0,0.00%,0,0.00%,1,0.91%,45,41.28%,26,23.85%,0,0.00%,0,0.00%,12,11.00%,20,18.34%
10175,1502,Serradilla,PP,38.61%,0.00%,0.00%,0,0.00%,5,0.64%,5,0.64%,5,0.64%,0,0.00%,300,38.61%,248,31.91%,0,0.00%,0,0.00%,87,11.19%,117,15.05%
10176,410,Serrejón,PP,32.88%,0.00%,0.00%,0,0.00%,0,0.00%,1,0.45%,1,0.45%,0,0.00%,73,32.88%,58,26.12%,3,1.35%,0,0.00%,19,8.55%,67,30.18%
10177,2061,Sierra de Fuentes,PP,43.07%,0.00%,0.00%,0,0.00%,18,1.53%,14,1.19%,9,0.76%,0,0.00%,504,43.07%,318,27.17%,0,0.00%,0,0.00%,118,10.08%,171,14.61%
10178,771,Talaván,PP,44.93%,0.00%,0.00%,0,0.00%,3,0.69%,7,1.61%,3,0.69%,0,0.00%,195,44.93%,138,31.79%,0,0.00%,0,0.00%,46,10.59%,34,7.83%
10179,301,Talaveruela de la Vera,PP,33.33%,0.00%,0.00%,0,0.00%,4,2.29%,2,1.14%,1,0.57%,0,0.00%,58,33.33%,52,29.88%,0,0.00%,0,0.00%,28,16.09%,24,13.79%
10180,7274,Talayuela,PP,37.24%,0.00%,0.00%,0,0.00%,11,0.48%,8,0.35%,0,0.00%,8,0.35%,851,37.24%,447,19.56%,0,0.00%,0,0.00%,89,3.89%,851,37.24%
10181,765,Tejeda de Tiétar,PP,41.05%,0.00%,0.00%,1,0.23%,4,0.95%,0,0.00%,0,0.00%,2,0.47%,172,41.05%,128,30.54%,0,0.00%,0,0.00%,41,9.78%,63,15.03%
10182,158,Toril,PP,35.48%,0.00%,0.00%,0,0.00%,2,3.22%,0,0.00%,0,0.00%,0,0.00%,22,35.48%,17,27.41%,0,0.00%,0,0.00%,2,3.22%,19,30.64%
10183,1018,Tornavacas,PP,39.79%,0.00%,0.00%,0,0.00%,2,0.34%,3,0.51%,0,0.00%,0,0.00%,234,39.79%,216,36.73%,0,0.00%,20,3.40%,46,7.82%,64,10.88%
10184,827,El Torno,PP,48.51%,0.00%,0.00%,1,0.22%,1,0.22%,2,0.45%,0,0.00%,0,0.00%,213,48.51%,148,33.71%,0,0.00%,0,0.00%,27,6.15%,43,9.79%
10185,641,Torrecilla de los Ángeles,PP,49.58%,0.00%,0.00%,0,0.00%,2,0.55%,2,0.55%,0,0.00%,1,0.27%,180,49.58%,85,23.41%,0,0.00%,0,0.00%,37,10.19%,52,14.32%
10186,1048,Torrecillas de la Tiesa,PP,45.59%,0.00%,0.00%,0,0.00%,0,0.00%,2,0.33%,5,0.83%,3,0.49%,274,45.59%,186,30.94%,0,0.00%,0,0.00%,43,7.15%,74,12.31%
10187,476,Torre de Don Miguel,PSOE,38.13%,0.00%,0.00%,1,0.46%,0,0.00%,2,0.93%,0,0.00%,3,1.39%,65,30.23%,82,38.13%,0,0.00%,0,0.00%,39,18.13%,20,9.30%
10188,519,Torre de Santa María,PP,48.37%,0.00%,0.00%,0,0.00%,0,0.00%,1,0.36%,0,0.00%,0,0.00%,134,48.37%,94,33.93%,0,0.00%,0,0.00%,7,2.52%,41,14.80%
10189,2771,Torrejoncillo,PP,38.83%,0.00%,0.00%,0,0.00%,9,0.60%,7,0.47%,5,0.33%,0,0.00%,574,38.83%,520,35.18%,0,0.00%,0,0.00%,120,8.11%,229,15.49%
10190,539,Torrejón el Rubio,PP,38.82%,0.00%,0.00%,0,0.00%,0,0.00%,2,0.73%,2,0.73%,0,0.00%,106,38.82%,74,27.10%,0,0.00%,4,1.46%,22,8.05%,56,20.51%
10191,617,Torremenga,PP,41.86%,0.00%,0.00%,0,0.00%,4,1.16%,2,0.58%,1,0.29%,0,0.00%,144,41.86%,74,21.51%,0,0.00%,0,0.00%,56,16.27%,59,17.15%
10192,749,Torremocha,PP,49.57%,0.00%,0.00%,2,0.42%,0,0.00%,3,0.63%,2,0.42%,0,0.00%,234,49.57%,153,32.41%,0,0.00%,0,0.00%,30,6.35%,43,9.11%
10193,1673,Torreorgaz,PP,62.50%,0.00%,0.00%,0,0.00%,12,1.22%,3,0.30%,4,0.40%,0,0.00%,610,62.50%,134,13.72%,0,0.00%,0,0.00%,41,4.20%,163,16.70%
10194,563,Torrequemada,PP,45.55%,0.00%,0.00%,0,0.00%,4,1.07%,0,0.00%,0,0.00%,0,0.00%,169,45.55%,113,30.45%,0,0.00%,0,0.00%,21,5.66%,59,15.90%
10195,8668,Trujillo,PP,44.13%,0.00%,0.00%,0,0.00%,30,0.67%,30,0.67%,0,0.00%,15,0.33%,1955,44.13%,962,21.71%,0,0.00%,0,0.00%,369,8.32%,992,22.39%
10196,321,Valdastillas,PP,44.27%,0.00%,0.00%,0,0.00%,0,0.00%,0,0.00%,0,0.00%,3,1.56%,85,44.27%,69,35.93%,0,0.00%,0,0.00%,11,5.72%,21,10.93%
10197,98,Valdecañas de Tajo,PP,38.70%,0.00%,0.00%,0,0.00%,0,0.00%,0,0.00%,0,0.00%,0,0.00%,24,38.70%,11,17.74%,0,0.00%,0,0.00%,3,4.83%,24,38.70%
10198,1105,Valdefuentes,PP,60.44%,0.00%,0.00%,0,0.00%,2,0.26%,0,0.00%,10,1.32%,0,0.00%,457,60.44%,214,28.30%,0,0.00%,2,0.26%,10,1.32%,51,6.74%
10199,187,Valdehúncar,VOX,43.47%,0.00%,0.00%,2,1.73%,0,0.00%,5,4.34%,1,0.86%,0,0.00%,36,31.30%,16,13.91%,0,0.00%,0,0.00%,4,3.47%,50,43.47%
10200,341,Valdelacasa de Tajo,PP,34.78%,0.00%,0.00%,0,0.00%,1,0.54%,0,0.00%,0,0.00%,0,0.00%,64,34.78%,61,33.15%,0,0.00%,0,0.00%,3,1.63%,54,29.34%
10201,215,Valdemorales,PP,49.27%,0.00%,0.00%,1,0.72%,1,0.72%,1,0.72%,0,0.00%,0,0.00%,68,49.27%,42,30.43%,0,0.00%,0,0.00%,6,4.34%,19,13.76%
10202,610,Valdeobispo,PP,40.54%,0.00%,0.00%,0,0.00%,3,0.82%,4,1.09%,7,1.91%,0,0.00%,148,40.54%,128,35.06%,0,0.00%,0,0.00%,20,5.47%,50,13.69%
10203,5187,Valencia de Alcántara,PP,39.95%,0.00%,0.00%,0,0.00%,8,0.32%,15,0.61%,36,1.47%,0,0.00%,978,39.95%,510,20.83%,0,0.00%,0,0.00%,230,9.39%,634,25.89%
10204,448,Valverde de la Vera,PP,41.28%,0.00%,0.00%,0,0.00%,0,0.00%,0,0.00%,1,0.45%,0,0.00%,90,41.28%,51,23.39%,3,1.37%,2,0.91%,32,14.67%,39,17.88%
10205,2142,Valverde del Fresno,PSOE,35.52%,0.00%,0.00%,0,0.00%,10,1.09%,10,1.09%,0,0.00%,9,0.98%,294,32.23%,324,35.52%,0,0.00%,0,0.00%,98,10.74%,156,17.10%
10206,218,Viandar de la Vera,PP,41.86%,0.00%,0.00%,0,0.00%,1,0.77%,0,0.00%,0,0.00%,0,0.00%,54,41.86%,30,23.25%,0,0.00%,0,0.00%,17,13.17%,23,17.82%
10207,445,Villa del Campo,PP,37.72%,0.00%,0.00%,0,0.00%,1,0.45%,2,0.90%,0,0.00%,0,0.00%,83,37.72%,73,33.18%,0,0.00%,0,0.00%,19,8.63%,39,17.72%
10208,116,Villa del Rey,PSOE,56.81%,0.00%,0.00%,0,0.00%,0,0.00%,1,1.13%,0,0.00%,1,1.13%,25,28.40%,50,56.81%,0,0.00%,0,0.00%,4,4.54%,7,7.95%
10209,276,Villamesías,PSOE,42.00%,0.00%,0.00%,0,0.00%,3,2.00%,0,0.00%,0,0.00%,0,0.00%,53,35.33%,63,42.00%,0,0.00%,0,0.00%,9,6.00%,22,14.66%
10210,426,Villamiel,PP,39.25%,0.00%,0.00%,0,0.00%,2,0.74%,1,0.37%,1,0.37%,0,0.00%,106,39.25%,98,36.29%,0,0.00%,0,0.00%,18,6.66%,37,13.70%
10211,496,Villanueva de la Sierra,PSOE,39.06%,0.00%,0.00%,0,0.00%,2,0.78%,0,0.00%,2,0.78%,0,0.00%,79,30.85%,100,39.06%,0,0.00%,0,0.00%,36,14.06%,37,14.45%
10212,2112,Villanueva de la Vera,PSOE,30.00%,0.00%,0.00%,0,0.00%,11,1.20%,0,0.00%,10,1.09%,9,0.98%,248,27.25%,273,30.00%,0,0.00%,0,0.00%,240,26.37%,92,10.10%
10213,556,Villar del Pedroso,PP,49.84%,0.00%,0.00%,1,0.30%,0,0.00%,1,0.30%,2,0.61%,0,0.00%,161,49.84%,92,28.48%,0,0.00%,0,0.00%,24,7.43%,40,12.38%
10214,232,Villar de Plasencia,PP,50.63%,0.00%,0.00%,0,0.00%,1,0.63%,1,0.63%,0,0.00%,3,1.89%,80,50.63%,37,23.41%,0,0.00%,0,0.00%,13,8.22%,21,13.29%
10215,509,Villasbuenas de Gata,PP,33.04%,0.00%,0.00%,0,0.00%,1,0.43%,17,7.39%,0,0.00%,0,0.00%,76,33.04%,68,29.56%,0,0.00%,2,0.86%,42,18.26%,20,8.69%
10216,1805,Zarza de Granadilla,PP,41.71%,0.00%,0.00%,0,0.00%,5,0.55%,2,0.22%,0,0.00%,2,0.22%,375,41.71%,272,30.25%,0,0.00%,0,0.00%,50,5.56%,187,20.80%
10217,518,Zarza de Montánchez,PP,55.66%,0.00%,0.00%,0,0.00%,0,0.00%,4,1.25%,0,0.00%,0,0.00%,177,55.66%,77,24.21%,0,0.00%,0,0.00%,14,4.40%,43,13.52%
10218,1127,Zarza la Mayor,PP,42.83%,0.00%,0.00%,0,0.00%,0,0.00%,2,0.37%,1,0.18%,1,0.18%,230,42.83%,228,42.45%,0,0.00%,0,0.00%,30,5.58%,42,7.82%
10219,1249,Zorita,PP,44.05%,0.00%,0.00%,1,0.18%,6,1.09%,1,0.18%,0,0.00%,0,0.00%,241,44.05%,176,32.17%,0,0.00%,0,0.00%,46,8.40%,71,12.97%
10901,1347,Rosalejo,PP,34.88%,0.00%,0.00%,0,0.00%,1,0.16%,4,0.64%,3,0.48%,0,0.00%,217,34.88%,172,27.65%,0,0.00%,0,0.00%,44,7.07%,177,28.45%
10902,850,Vegaviana,PP,41.83%,0.00%,0.00%,1,0.22%,0,0.00%,2,0.45%,2,0.45%,0,0.00%,182,41.83%,146,33.56%,0,0.00%,0,0.00%,18,4.13%,79,18.16%
10903,910,Alagón del Río,PP,41.31%,0.00%,0.00%,0,0.00%,0,0.00%,18,3.59%,3,0.59%,2,0.39%,207,41.31%,137,27.34%,0,0.00%,0,0.00%,55,10.97%,74,14.77%
10904,858,Tiétar,PP,36.57%,0.00%,0.00%,0,0.00%,4,1.05%,1,0.26%,0,0.00%,0,0.00%,139,36.57%,92,24.21%,0,0.00%,1,0.26%,12,3.15%,130,34.21%
10905,771,Pueblonuevo de Miramontes,VOX,34.92%,0.00%,0.00%,1,0.28%,0,0.00%,2,0.56%,0,0.00%,3,0.84%,112,31.54%,96,27.04%,0,0.00%,0,0.00%,14,3.94%,124,34.92%
06001,805,Acedera,PSOE,36.95%,0.00%,0.00%,2,0.46%,0,0.00%,0,0.00%,2,0.46%,0,0.00%,158,36.48%,160,36.95%,0,0.00%,1,0.23%,21,4.84%,79,18.24%
06002,5408,Aceuchal,PP,46.88%,0.00%,0.00%,0,0.00%,0,0.00%,15,0.60%,16,0.64%,0,0.00%,1159,46.88%,575,23.26%,0,0.00%,8,0.32%,214,8.65%,453,18.32%
06003,787,Ahillones,PP,47.29%,0.00%,0.00%,1,0.19%,0,0.00%,5,0.96%,0,0.00%,0,0.00%,245,47.29%,176,33.97%,1,0.19%,0,0.00%,49,9.45%,35,6.75%
06004,1809,Alange,PSOE,41.05%,0.00%,0.00%,3,0.29%,0,0.00%,0,0.00%,4,0.39%,0,0.00%,383,38.07%,413,41.05%,0,0.00%,3,0.29%,55,5.46%,126,12.52%
06005,2012,La Albuera,PSOE,44.78%,0.00%,0.00%,3,0.30%,0,0.00%,8,0.80%,0,0.00%,5,0.50%,292,29.25%,447,44.78%,0,0.00%,0,0.00%,66,6.61%,164,16.43%
06006,4995,Alburquerque,PP,36.51%,0.00%,0.00%,0,0.00%,0,0.00%,15,0.64%,7,0.30%,12,0.51%,852,36.51%,652,27.94%,0,0.00%,0,0.00%,339,14.53%,405,17.35%
06007,1628,Alconchel,PSOE,44.78%,0.00%,0.00%,1,0.12%,0,0.00%,2,0.24%,0,0.00%,3,0.36%,220,26.99%,365,44.78%,0,0.00%,0,0.00%,76,9.32%,141,17.30%
06008,757,Alconera,PSOE,50.55%,0.00%,0.00%,1,0.22%,0,0.00%,1,0.22%,0,0.00%,0,0.00%,135,29.80%,229,50.55%,0,0.00%,0,0.00%,15,3.31%,69,15.23%
06009,255,Aljucén,PP,34.21%,0.00%,0.00%,0,0.00%,0,0.00%,2,1.31%,0,0.00%,0,0.00%,52,34.21%,35,23.02%,0,0.00%,0,0.00%,22,14.47%,40,26.31%
06010,1200,Almendral,PSOE,37.85%,0.00%,0.00%,0,0.00%,0,0.00%,5,0.75%,4,0.60%,2,0.30%,212,31.97%,251,37.85%,0,0.00%,0,0.00%,97,14.63%,82,12.36%
06011,34237,Almendralejo,PP,44.32%,0.00%,0.00%,0,0.00%,0,0.00%,113,0.73%,67,0.43%,77,0.50%,6782,44.32%,2945,19.24%,0,0.00%,0,0.00%,1381,9.02%,3612,23.60%
06012,4055,Arroyo de San Serván,PSOE,42.43%,0.00%,0.00%,0,0.00%,0,0.00%,8,0.39%,8,0.39%,0,0.00%,650,31.84%,866,42.43%,4,0.19%,0,0.00%,151,7.39%,315,15.43%
06013,258,Atalaya,PSOE,53.10%,0.00%,0.00%,0,0.00%,0,0.00%,1,0.56%,2,1.12%,0,0.00%,26,14.68%,94,53.10%,0,0.00%,2,1.12%,40,22.59%,8,4.51%
06014,7606,Azuaga,PP,46.21%,0.00%,0.00%,0,0.00%,0,0.00%,18,0.49%,11,0.30%,6,0.16%,1689,46.21%,759,20.76%,0,0.00%,0,0.00%,251,6.86%,874,23.91%
06015,151146,Badajoz,PP,46.34%,0.00%,0.00%,0,0.00%,0,0.00%,680,0.97%,607,0.87%,466,0.66%,32249,46.34%,11580,16.64%,0,0.00%,0,0.00%,7871,11.31%,14485,20.81%
06016,3479,Barcarrota,PP,40.73%,0.00%,0.00%,0,0.00%,0,0.00%,15,0.90%,4,0.24%,0,0.00%,673,40.73%,598,36.19%,0,0.00%,5,0.30%,109,6.59%,215,13.01%
06017,238,Baterno,PP,43.19%,0.00%,0.00%,0,0.00%,0,0.00%,0,0.00%,3,1.77%,0,0.00%,73,43.19%,54,31.95%,3,1.77%,0,0.00%,8,4.73%,27,15.97%
06018,789,Benquerencia de la Serena,PSOE,35.52%,0.00%,0.00%,0,0.00%,0,0.00%,1,0.24%,2,0.48%,0,0.00%,120,29.19%,146,35.52%,0,0.00%,4,0.97%,82,19.95%,51,12.40%
06019,2219,Berlanga,PP,42.54%,0.00%,0.00%,0,0.00%,0,0.00%,5,0.42%,5,0.42%,4,0.33%,505,42.54%,396,33.36%,0,0.00%,0,0.00%,111,9.35%,141,11.87%
06020,2018,Bienvenida,PP,43.33%,0.00%,0.00%,1,0.09%,0,0.00%,13,1.18%,13,1.18%,0,0.00%,475,43.33%,292,26.64%,0,0.00%,0,0.00%,149,13.59%,143,13.04%
06021,993,Bodonal de la Sierra,PP,52.94%,0.00%,0.00%,0,0.00%,0,0.00%,1,0.18%,2,0.36%,0,0.00%,288,52.94%,162,29.77%,0,0.00%,1,0.18%,18,3.30%,65,11.94%
06022,2977,Burguillos del Cerro,PP,40.47%,0.00%,0.00%,0,0.00%,0,0.00%,62,3.87%,0,0.00%,11,0.68%,648,40.47%,535,33.41%,7,0.43%,0,0.00%,141,8.80%,176,10.99%
06023,4520,Cabeza del Buey,PSOE,40.90%,0.00%,0.00%,0,0.00%,0,0.00%,6,0.28%,12,0.56%,8,0.37%,819,38.59%,868,40.90%,0,0.00%,0,0.00%,156,7.35%,218,10.27%
06024,1260,Cabeza la Vaca,PP,40.13%,0.00%,0.00%,0,0.00%,0,0.00%,1,0.13%,1,0.13%,0,0.00%,297,40.13%,287,38.78%,0,0.00%,1,0.13%,58,7.83%,89,12.02%
06025,6145,Calamonte,PP,42.84%,0.00%,0.00%,0,0.00%,0,0.00%,11,0.33%,6,0.18%,17,0.52%,1395,42.84%,1073,32.95%,0,0.00%,0,0.00%,364,11.17%,333,10.22%
06026,917,Calera de León,PP,60.04%,0.00%,0.00%,1,0.20%,0,0.00%,3,0.62%,0,0.00%,1,0.20%,290,60.04%,110,22.77%,0,0.00%,0,0.00%,36,7.45%,37,7.66%
06027,687,Calzadilla de los Barros,PP,49.14%,0.00%,0.00%,1,0.24%,0,0.00%,7,1.71%,3,0.73%,0,0.00%,200,49.14%,97,23.83%,0,0.00%,0,0.00%,34,8.35%,56,13.75%
06028,4705,Campanario,PP,47.58%,0.00%,0.00%,7,0.23%,0,0.00%,11,0.36%,12,0.39%,0,0.00%,1428,47.58%,928,30.92%,0,0.00%,0,0.00%,207,6.89%,365,12.16%
06029,1321,Campillo de Llerena,PSOE,52.16%,0.00%,0.00%,0,0.00%,0,0.00%,1,0.14%,1,0.14%,5,0.72%,176,25.43%,361,52.16%,0,0.00%,0,0.00%,53,7.65%,86,12.42%
06030,145,Capilla,PP,53.57%,0.00%,0.00%,0,0.00%,0,0.00%,0,0.00%,0,0.00%,1,1.19%,45,53.57%,20,23.80%,0,0.00%,0,0.00%,1,1.19%,17,20.23%
06031,523,Carmonita,PP,68.44%,0.00%,0.00%,0,0.00%,0,0.00%,1,0.38%,1,0.38%,0,0.00%,180,68.44%,47,17.87%,0,0.00%,0,0.00%,7,2.66%,27,10.26%
06032,77,El Carrascalejo,PP,45.45%,0.00%,0.00%,0,0.00%,0,0.00%,1,1.51%,0,0.00%,0,0.00%,30,45.45%,9,13.63%,0,0.00%,1,1.51%,12,18.18%,9,13.63%
06033,1371,Casas de Don Pedro,PSOE,43.41%,0.00%,0.00%,0,0.00%,0,0.00%,2,0.23%,4,0.47%,2,0.23%,302,35.82%,366,43.41%,0,0.00%,0,0.00%,31,3.67%,130,15.42%
06034,206,Casas de Reina,PP,62.74%,0.00%,0.00%,1,0.98%,0,0.00%,0,0.00%,0,0.00%,0,0.00%,64,62.74%,15,14.70%,0,0.00%,0,0.00%,5,4.90%,14,13.72%
06035,843,Castilblanco,PP,46.58%,0.00%,0.00%,0,0.00%,0,0.00%,2,0.40%,3,0.60%,2,0.40%,232,46.58%,138,27.71%,0,0.00%,0,0.00%,33,6.62%,83,16.66%
06036,5500,Castuera,PP,43.30%,0.00%,0.00%,0,0.00%,0,0.00%,15,0.50%,15,0.50%,9,0.30%,1288,43.30%,892,29.99%,0,0.00%,0,0.00%,286,9.61%,431,14.49%
06037,2017,La Codosera,PP,45.63%,0.00%,0.00%,2,0.24%,0,0.00%,0,0.00%,0,0.00%,2,0.24%,376,45.63%,186,22.57%,0,0.00%,4,0.48%,39,4.73%,203,24.63%
06038,829,Cordobilla de Lácara,PP,39.63%,0.00%,0.00%,0,0.00%,0,0.00%,8,1.84%,0,0.00%,0,0.00%,172,39.63%,142,32.71%,0,0.00%,2,0.46%,21,4.83%,84,19.35%
06039,2149,La Coronada,PSOE,33.58%,0.00%,0.00%,0,0.00%,0,0.00%,0,0.00%,0,0.00%,2,0.16%,313,26.48%,397,33.58%,0,0.00%,2,0.16%,360,30.45%,102,8.62%
06040,1187,Corte de Peleas,PSOE,36.63%,0.00%,0.00%,0,0.00%,0,0.00%,4,0.69%,4,0.69%,4,0.69%,178,30.90%,211,36.63%,0,0.00%,0,0.00%,52,9.02%,112,19.44%
06041,548,Cristina,PP,36.30%,0.00%,0.00%,0,0.00%,0,0.00%,2,0.63%,2,0.63%,0,0.00%,114,36.30%,103,32.80%,0,0.00%,5,1.59%,35,11.14%,51,16.24%
06042,1177,Cheles,PSOE,49.07%,0.00%,0.00%,1,0.18%,0,0.00%,1,0.18%,0,0.00%,3,0.55%,164,30.25%,266,49.07%,0,0.00%,0,0.00%,56,10.33%,46,8.48%
06043,814,Don Álvaro,PP,45.93%,0.00%,0.00%,0,0.00%,0,0.00%,1,0.20%,0,0.00%,4,0.81%,226,45.93%,133,27.03%,0,0.00%,4,0.81%,44,8.94%,75,15.24%
06044,37771,Don Benito,PP,43.75%,0.00%,0.00%,0,0.00%,0,0.00%,115,0.62%,104,0.56%,85,0.46%,8076,43.75%,4047,21.92%,0,0.00%,0,0.00%,1906,10.32%,3739,20.25%
06045,568,Entrín Bajo,PP,40.27%,0.00%,0.00%,0,0.00%,0,0.00%,1,0.34%,0,0.00%,2,0.68%,118,40.27%,89,30.37%,0,0.00%,0,0.00%,15,5.11%,63,21.50%
06046,1492,Esparragalejo,PP,47.10%,0.00%,0.00%,0,0.00%,0,0.00%,1,0.11%,1,0.11%,2,0.22%,415,47.10%,297,33.71%,0,0.00%,0,0.00%,42,4.76%,113,12.82%
06047,932,Esparragosa de la Serena,PP,42.32%,0.00%,0.00%,0,0.00%,0,0.00%,4,0.82%,5,1.03%,1,0.20%,204,42.32%,189,39.21%,0,0.00%,0,0.00%,30,6.22%,42,8.71%
06048,855,Esparragosa de Lares,PSOE,40.31%,0.00%,0.00%,1,0.19%,0,0.00%,0,0.00%,1,0.19%,0,0.00%,200,39.13%,206,40.31%,0,0.00%,0,0.00%,41,8.02%,57,11.15%
06049,1045,Feria,PP,44.93%,0.00%,0.00%,0,0.00%,0,0.00%,8,1.61%,7,1.41%,2,0.40%,222,44.93%,146,29.55%,0,0.00%,0,0.00%,43,8.70%,61,12.34%
06050,4740,Fregenal de la Sierra,PP,50.54%,0.00%,0.00%,0,0.00%,0,0.00%,13,0.52%,10,0.40%,6,0.24%,1252,50.54%,609,24.58%,0,0.00%,0,0.00%,212,8.55%,344,13.88%
06051,1707,Fuenlabrada de los Montes,PP,39.12%,0.00%,0.00%,1,0.11%,0,0.00%,10,1.15%,6,0.69%,0,0.00%,338,39.12%,319,36.92%,0,0.00%,0,0.00%,35,4.05%,149,17.24%
06052,4592,Fuente de Cantos,PP,52.79%,0.00%,0.00%,0,0.00%,0,0.00%,18,0.75%,9,0.37%,11,0.46%,1256,52.79%,535,22.48%,0,0.00%,0,0.00%,173,7.27%,344,14.45%
06053,658,Fuente del Arco,PSOE,47.97%,0.00%,0.00%,1,0.33%,0,0.00%,0,0.00%,3,1.01%,0,0.00%,83,28.04%,142,47.97%,2,0.67%,0,0.00%,34,11.48%,20,6.75%
06054,6610,Fuente del Maestre,PP,55.17%,0.00%,0.00%,0,0.00%,0,0.00%,10,0.29%,14,0.41%,6,0.17%,1883,55.17%,773,22.64%,0,0.00%,0,0.00%,279,8.17%,405,11.86%
06055,2160,Fuentes de León,PP,53.11%,0.00%,0.00%,0,0.00%,0,0.00%,1,0.09%,4,0.37%,0,0.00%,572,53.11%,284,26.36%,0,0.00%,0,0.00%,74,6.87%,132,12.25%
06056,475,Garbayuela,PSOE,45.23%,0.00%,0.00%,1,0.34%,0,0.00%,6,2.04%,0,0.00%,0,0.00%,89,30.27%,133,45.23%,0,0.00%,0,0.00%,24,8.16%,38,12.92%
06057,529,Garlitos,PP,48.09%,0.00%,0.00%,0,0.00%,0,0.00%,0,0.00%,2,0.69%,0,0.00%,139,48.09%,88,30.44%,1,0.34%,0,0.00%,11,3.80%,45,15.57%
06058,2297,La Garrovilla,PP,37.04%,0.00%,0.00%,39,3.31%,0,0.00%,4,0.33%,5,0.42%,0,0.00%,436,37.04%,339,28.80%,0,0.00%,0,0.00%,125,10.62%,201,17.07%
06059,1903,Granja de Torrehermosa,PP,39.07%,0.00%,0.00%,0,0.00%,0,0.00%,6,0.63%,3,0.31%,4,0.42%,370,39.07%,252,26.61%,0,0.00%,0,0.00%,139,14.67%,158,16.68%
06060,6648,Guareña,PP,39.90%,0.00%,0.00%,0,0.00%,0,0.00%,11,0.31%,9,0.25%,0,0.00%,1391,39.90%,1190,34.13%,0,0.00%,10,0.28%,392,11.24%,441,12.65%
06061,1214,La Haba,PSOE,48.13%,0.00%,0.00%,0,0.00%,0,0.00%,1,0.13%,0,0.00%,0,0.00%,257,35.54%,348,48.13%,0,0.00%,0,0.00%,37,5.11%,75,10.37%
06062,562,Helechosa de los Montes,PP,51.82%,0.00%,0.00%,0,0.00%,0,0.00%,3,0.91%,2,0.60%,2,0.60%,170,51.82%,106,32.31%,0,0.00%,0,0.00%,9,2.74%,33,10.06%
06063,3407,Herrera del Duque,PSOE,40.83%,0.00%,0.00%,0,0.00%,0,0.00%,14,0.74%,53,2.81%,9,0.47%,677,35.95%,769,40.83%,0,0.00%,0,0.00%,73,3.87%,261,13.86%
06064,888,Higuera de la Serena,PSOE,51.88%,0.00%,0.00%,0,0.00%,0,0.00%,3,0.56%,3,0.56%,3,0.56%,107,20.18%,275,51.88%,0,0.00%,0,0.00%,83,15.66%,49,9.24%
06065,341,Higuera de Llerena,PP,62.98%,0.00%,0.00%,0,0.00%,0,0.00%,2,1.10%,0,0.00%,0,0.00%,114,62.98%,45,24.86%,0,0.00%,1,0.55%,8,4.41%,11,6.07%
06066,1857,Higuera de Vargas,PSOE,47.18%,0.00%,0.00%,0,0.00%,0,0.00%,19,2.18%,0,0.00%,3,0.34%,257,29.57%,410,47.18%,0,0.00%,0,0.00%,87,10.01%,86,9.89%
06067,2206,Higuera la Real,PP,44.11%,0.00%,0.00%,0,0.00%,0,0.00%,5,0.49%,3,0.29%,2,0.19%,442,44.11%,278,27.74%,0,0.00%,0,0.00%,43,4.29%,211,21.05%
06068,489,Hinojosa del Valle,PSOE,44.85%,0.00%,0.00%,0,0.00%,0,0.00%,0,0.00%,2,0.82%,0,0.00%,78,32.09%,109,44.85%,0,0.00%,2,0.82%,15,6.17%,33,13.58%
06069,3404,Hornachos,PP,40.81%,0.00%,0.00%,0,0.00%,0,0.00%,5,0.31%,8,0.50%,7,0.44%,642,40.81%,602,38.27%,0,0.00%,0,0.00%,96,6.10%,178,11.31%
06070,9134,Jerez de los Caballeros,PP,57.11%,0.00%,0.00%,0,0.00%,0,0.00%,43,0.89%,16,0.33%,10,0.20%,2750,57.11%,1052,21.84%,0,0.00%,0,0.00%,426,8.84%,456,9.47%
06071,296,La Lapa,PSOE,47.12%,0.00%,0.00%,0,0.00%,0,0.00%,0,0.00%,0,0.00%,1,0.57%,52,29.88%,82,47.12%,1,0.57%,1,0.57%,12,6.89%,24,13.79%
06072,2732,Lobón,PP,45.97%,0.00%,0.00%,0,0.00%,0,0.00%,9,0.60%,5,0.33%,0,0.00%,680,45.97%,415,28.05%,6,0.40%,0,0.00%,131,8.85%,218,14.73%
06073,805,Llera,PP,33.82%,0.00%,0.00%,2,0.59%,0,0.00%,2,0.59%,4,1.18%,0,0.00%,114,33.82%,88,26.11%,0,0.00%,0,0.00%,77,22.84%,45,13.35%
06074,5659,Llerena,PP,49.54%,0.00%,0.00%,0,0.00%,0,0.00%,27,0.88%,13,0.42%,0,0.00%,1515,49.54%,598,19.55%,0,0.00%,15,0.49%,483,15.79%,346,11.31%
06075,499,Magacela,PSOE,52.27%,0.00%,0.00%,1,0.32%,0,0.00%,2,0.64%,1,0.32%,0,0.00%,80,25.97%,161,52.27%,0,0.00%,0,0.00%,27,8.76%,33,10.71%
06076,933,Maguilla,PP,34.26%,0.00%,0.00%,0,0.00%,0,0.00%,0,0.00%,1,0.21%,1,0.21%,160,34.26%,157,33.61%,0,0.00%,0,0.00%,75,16.05%,69,14.77%
06077,346,Malcocinado,PSOE,47.15%,0.00%,0.00%,0,0.00%,0,0.00%,6,3.10%,0,0.00%,0,0.00%,50,25.90%,91,47.15%,0,0.00%,1,0.51%,23,11.91%,20,10.36%
06078,520,Malpartida de la Serena,PP,61.95%,0.00%,0.00%,2,0.57%,0,0.00%,7,2.01%,6,1.72%,0,0.00%,215,61.95%,55,15.85%,0,0.00%,0,0.00%,20,5.76%,41,11.81%
06079,738,Manchita,PSOE,39.95%,0.00%,0.00%,0,0.00%,0,0.00%,2,0.48%,0,0.00%,0,0.00%,145,35.10%,165,39.95%,0,0.00%,0,0.00%,14,3.38%,82,19.85%
06080,2237,Medellín,PP,36.32%,0.00%,0.00%,0,0.00%,0,0.00%,3,0.25%,6,0.50%,0,0.00%,433,36.32%,346,29.02%,3,0.25%,0,0.00%,136,11.40%,249,20.88%
06081,1164,Medina de las Torres,PSOE,37.87%,0.00%,0.00%,0,0.00%,0,0.00%,21,3.28%,2,0.31%,0,0.00%,211,33.02%,242,37.87%,0,0.00%,2,0.31%,80,12.51%,71,11.11%
06082,490,Mengabril,PSOE,35.60%,0.00%,0.00%,1,0.37%,0,0.00%,2,0.75%,1,0.37%,0,0.00%,93,35.22%,94,35.60%,0,0.00%,0,0.00%,18,6.81%,51,19.31%
06083,59894,Mérida,PP,42.07%,0.00%,0.00%,0,0.00%,0,0.00%,200,0.69%,193,0.67%,188,0.65%,12069,42.07%,6151,21.44%,0,0.00%,0,0.00%,3986,13.89%,5135,17.90%
06084,1247,Mirandilla,PP,48.72%,0.00%,0.00%,0,0.00%,0,0.00%,2,0.29%,2,0.29%,0,0.00%,326,48.72%,162,24.21%,0,0.00%,0,0.00%,40,5.97%,133,19.88%
06085,4233,Monesterio,PP,39.67%,0.00%,0.00%,0,0.00%,0,0.00%,12,0.58%,13,0.63%,8,0.39%,811,39.67%,698,34.14%,0,0.00%,0,0.00%,262,12.81%,195,9.54%
06086,1267,Montemolín,PP,42.23%,0.00%,0.00%,1,0.16%,0,0.00%,2,0.33%,3,0.50%,0,0.00%,253,42.23%,232,38.73%,0,0.00%,0,0.00%,34,5.67%,68,11.35%
06087,2196,Monterrubio de la Serena,PP,40.78%,0.00%,0.00%,0,0.00%,0,0.00%,4,0.33%,2,0.16%,2,0.16%,489,40.78%,426,35.52%,0,0.00%,0,0.00%,59,4.92%,204,17.01%
06088,15216,Montijo,PP,42.60%,0.00%,0.00%,0,0.00%,0,0.00%,57,0.77%,41,0.55%,68,0.92%,3144,42.60%,1500,20.32%,0,0.00%,0,0.00%,1099,14.89%,1332,18.05%
06089,707,La Morera,PP,44.57%,0.00%,0.00%,0,0.00%,0,0.00%,4,0.94%,6,1.41%,0,0.00%,189,44.57%,121,28.53%,0,0.00%,2,0.47%,41,9.66%,55,12.97%
06090,920,La Nava de Santiago,PSOE,36.34%,0.00%,0.00%,0,0.00%,0,0.00%,5,1.07%,1,0.21%,0,0.00%,163,35.05%,169,36.34%,0,0.00%,1,0.21%,44,9.46%,73,15.69%
06091,4341,Navalvillar de Pela,PP,40.16%,0.00%,0.00%,0,0.00%,0,0.00%,7,0.30%,8,0.35%,3,0.13%,917,40.16%,765,33.50%,0,0.00%,0,0.00%,142,6.21%,421,18.44%
06092,640,Nogales,PP,41.69%,0.00%,0.00%,0,0.00%,0,0.00%,6,2.03%,1,0.33%,0,0.00%,123,41.69%,103,34.91%,0,0.00%,4,1.35%,11,3.72%,46,15.59%
06093,4933,Oliva de la Frontera,PP,47.58%,0.00%,0.00%,0,0.00%,0,0.00%,22,0.83%,8,0.30%,0,0.00%,1249,47.58%,689,26.24%,0,0.00%,7,0.26%,164,6.24%,449,17.10%
06094,1681,Oliva de Mérida,PSOE,45.65%,0.00%,0.00%,1,0.14%,0,0.00%,2,0.28%,0,0.00%,0,0.00%,261,37.82%,315,45.65%,0,0.00%,1,0.14%,27,3.91%,77,11.15%
06095,11736,Olivenza,PP,31.86%,0.00%,0.00%,0,0.00%,0,0.00%,43,0.76%,24,0.42%,32,0.57%,1783,31.86%,1705,30.47%,0,0.00%,0,0.00%,841,15.03%,1039,18.57%
06096,261,Orellana de la Sierra,PP,39.37%,0.00%,0.00%,0,0.00%,0,0.00%,2,1.25%,1,0.62%,0,0.00%,63,39.37%,52,32.50%,0,0.00%,0,0.00%,10,6.25%,31,19.37%
06097,2585,Orellana la Vieja,PP,43.02%,0.00%,0.00%,0,0.00%,0,0.00%,8,0.53%,10,0.67%,7,0.46%,641,43.02%,524,35.16%,0,0.00%,0,0.00%,109,7.31%,171,11.47%
06098,661,Palomas,PSOE,45.42%,0.00%,0.00%,0,0.00%,0,0.00%,1,0.31%,0,0.00%,0,0.00%,89,28.07%,144,45.42%,1,0.31%,4,1.26%,14,4.41%,61,19.24%
06099,1286,La Parra,PP,37.31%,0.00%,0.00%,6,1.10%,0,0.00%,5,0.91%,2,0.36%,0,0.00%,203,37.31%,175,32.16%,0,0.00%,0,0.00%,60,11.02%,84,15.44%
06100,825,Peñalsordo,PP,46.89%,0.00%,0.00%,1,0.20%,0,0.00%,1,0.20%,0,0.00%,1,0.20%,234,46.89%,162,32.46%,0,0.00%,0,0.00%,20,4.00%,70,14.02%
06101,479,Peraleda del Zaucejo,PP,55.43%,0.00%,0.00%,0,0.00%,0,0.00%,2,0.70%,0,0.00%,0,0.00%,158,55.43%,70,24.56%,0,0.00%,0,0.00%,23,8.07%,31,10.87%
06102,1107,Puebla de Alcocer,PP,45.11%,0.00%,0.00%,0,0.00%,0,0.00%,2,0.30%,3,0.45%,1,0.15%,300,45.11%,229,34.43%,0,0.00%,0,0.00%,52,7.81%,73,10.97%
06103,5854,Puebla de la Calzada,PP,40.45%,0.00%,0.00%,0,0.00%,0,0.00%,19,0.65%,19,0.65%,0,0.00%,1167,40.45%,778,26.96%,14,0.48%,0,0.00%,313,10.84%,519,17.98%
06104,698,Puebla de la Reina,PSOE,49.16%,0.00%,0.00%,0,0.00%,0,0.00%,4,0.95%,2,0.47%,0,0.00%,134,31.98%,206,49.16%,0,0.00%,3,0.71%,22,5.25%,40,9.54%
06105,657,Puebla del Maestre,PP,48.60%,0.00%,0.00%,0,0.00%,0,0.00%,3,1.04%,0,0.00%,0,0.00%,139,48.60%,83,29.02%,0,0.00%,1,0.34%,15,5.24%,39,13.63%
06106,461,Puebla del Prior,PP,55.20%,0.00%,0.00%,0,0.00%,0,0.00%,2,0.80%,0,0.00%,0,0.00%,138,55.20%,61,24.39%,0,0.00%,1,0.40%,23,9.19%,24,9.59%
06107,1809,Puebla de Obando,PSOE,35.53%,0.00%,0.00%,0,0.00%,0,0.00%,4,0.48%,1,0.12%,0,0.00%,283,34.55%,291,35.53%,0,0.00%,3,0.36%,61,7.44%,168,20.51%
06108,2638,Puebla de Sancho Pérez,PP,38.18%,0.00%,0.00%,0,0.00%,0,0.00%,48,3.77%,14,1.10%,8,0.62%,485,38.18%,310,24.40%,0,0.00%,0,0.00%,131,10.31%,239,18.81%
06109,4460,Quintana de la Serena,PSOE,41.09%,0.00%,0.00%,0,0.00%,0,0.00%,13,0.50%,7,0.26%,0,0.00%,986,37.93%,1068,41.09%,0,0.00%,3,0.11%,205,7.88%,291,11.19%
06110,142,Reina,PP,52.50%,0.00%,0.00%,2,2.50%,0,0.00%,2,2.50%,0,0.00%,0,0.00%,42,52.50%,21,26.25%,0,0.00%,0,0.00%,1,1.25%,12,15.00%
06111,614,Rena,PSOE,45.39%,0.00%,0.00%,6,2.04%,0,0.00%,1,0.34%,0,0.00%,0,0.00%,87,29.69%,133,45.39%,0,0.00%,0,0.00%,20,6.82%,46,15.69%
06112,430,Retamal de Llerena,PP,40.00%,0.00%,0.00%,0,0.00%,0,0.00%,0,0.00%,0,0.00%,0,0.00%,102,40.00%,78,30.58%,0,0.00%,2,0.78%,26,10.19%,44,17.25%
06113,3200,Ribera del Fresno,PP,47.72%,0.00%,0.00%,0,0.00%,0,0.00%,10,0.59%,0,0.00%,0,0.00%,798,47.72%,436,26.07%,7,0.41%,13,0.77%,205,12.26%,167,9.98%
06114,127,Risco,PSOE,60.00%,0.00%,0.00%,1,1.17%,0,0.00%,0,0.00%,0,0.00%,1,1.17%,15,17.64%,51,60.00%,0,0.00%,1,1.17%,6,7.05%,10,11.76%
06115,1451,La Roca de la Sierra,PP,44.46%,0.00%,0.00%,2,0.30%,0,0.00%,0,0.00%,4,0.61%,0,0.00%,289,44.46%,148,22.76%,0,0.00%,4,0.61%,67,10.30%,122,18.76%
06116,1655,Salvaleón,PP,42.87%,0.00%,0.00%,0,0.00%,0,0.00%,3,0.36%,3,0.36%,3,0.36%,352,42.87%,317,38.61%,0,0.00%,0,0.00%,47,5.72%,91,11.08%
06117,1558,Salvatierra de los Barros,PP,57.61%,0.00%,0.00%,0,0.00%,0,0.00%,8,0.88%,1,0.11%,0,0.00%,522,57.61%,130,14.34%,2,0.22%,0,0.00%,127,14.01%,112,12.36%
06118,144,Sancti-Spíritus,PSOE,67.39%,0.00%,0.00%,0,0.00%,0,0.00%,0,0.00%,0,0.00%,0,0.00%,18,19.56%,62,67.39%,0,0.00%,0,0.00%,3,3.26%,8,8.69%
06119,867,San Pedro de Mérida,PSOE,44.74%,0.00%,0.00%,0,0.00%,0,0.00%,1,0.19%,1,0.19%,0,0.00%,172,33.46%,230,44.74%,1,0.19%,0,0.00%,16,3.11%,83,16.14%
06120,3913,Santa Amalia,PP,40.34%,0.00%,0.00%,0,0.00%,0,0.00%,11,0.49%,10,0.44%,8,0.35%,903,40.34%,800,35.74%,0,0.00%,0,0.00%,158,7.05%,322,14.38%
06121,4141,Santa Marta,PP,44.03%,0.00%,0.00%,0,0.00%,0,0.00%,6,0.32%,6,0.32%,11,0.59%,815,44.03%,482,26.03%,0,0.00%,0,0.00%,163,8.80%,349,18.85%
06122,8101,Los Santos de Maimona,PP,45.77%,0.00%,0.00%,0,0.00%,0,0.00%,19,0.49%,28,0.72%,19,0.49%,1757,45.77%,1009,26.28%,0,0.00%,0,0.00%,365,9.51%,576,15.00%
06123,5206,San Vicente de Alcántara,PP,34.28%,0.00%,0.00%,0,0.00%,0,0.00%,21,0.85%,8,0.32%,21,0.85%,839,34.28%,791,32.32%,0,0.00%,0,0.00%,332,13.56%,393,16.06%
06124,1791,Segura de León,PSOE,41.91%,0.00%,0.00%,0,0.00%,0,0.00%,8,0.91%,3,0.34%,4,0.45%,336,38.26%,368,41.91%,0,0.00%,0,0.00%,78,8.88%,72,8.20%
06125,1772,Siruela,PP,39.70%,0.00%,0.00%,1,0.10%,0,0.00%,21,2.22%,1,0.10%,0,0.00%,374,39.70%,299,31.74%,0,0.00%,0,0.00%,61,6.47%,175,18.57%
06126,2550,Solana de los Barros,PP,39.77%,0.00%,0.00%,1,0.08%,0,0.00%,8,0.65%,3,0.24%,0,0.00%,486,39.77%,449,36.74%,0,0.00%,0,0.00%,66,5.40%,191,15.63%
06127,3252,Talarrubias,PP,44.56%,0.00%,0.00%,0,0.00%,0,0.00%,0,0.00%,20,1.10%,6,0.33%,807,44.56%,520,28.71%,7,0.38%,0,0.00%,119,6.57%,314,17.33%
06128,5459,Talavera la Real,PP,35.32%,0.00%,0.00%,0,0.00%,0,0.00%,15,0.58%,16,0.62%,12,0.46%,904,35.32%,886,34.62%,0,0.00%,0,0.00%,277,10.82%,385,15.04%
06129,660,Táliga,PP,40.56%,0.00%,0.00%,0,0.00%,0,0.00%,1,0.28%,1,0.28%,0,0.00%,144,40.56%,131,36.90%,0,0.00%,0,0.00%,35,9.85%,41,11.54%
06130,199,Tamurejo,PSOE,50.00%,0.00%,0.00%,0,0.00%,0,0.00%,3,2.27%,3,2.27%,0,0.00%,23,17.42%,66,50.00%,0,0.00%,4,3.03%,19,14.39%,12,9.09%
06131,1246,Torre de Miguel Sesmero,PSOE,50.20%,0.00%,0.00%,0,0.00%,0,0.00%,3,0.40%,1,0.13%,2,0.27%,147,19.94%,370,50.20%,0,0.00%,0,0.00%,115,15.60%,86,11.66%
06132,1003,Torremayor,PSOE,33.82%,0.00%,0.00%,0,0.00%,0,0.00%,0,0.00%,1,0.21%,2,0.42%,141,29.80%,160,33.82%,0,0.00%,2,0.42%,108,22.83%,53,11.20%
06133,2233,Torremejía,PSOE,38.72%,0.00%,0.00%,0,0.00%,0,0.00%,2,0.17%,7,0.61%,0,0.00%,318,28.11%,438,38.72%,2,0.17%,0,0.00%,73,6.45%,273,24.13%
06134,591,Trasierra,PSOE,44.48%,0.00%,0.00%,1,0.40%,0,0.00%,2,0.81%,0,0.00%,0,0.00%,101,41.22%,109,44.48%,1,0.40%,0,0.00%,7,2.85%,23,9.38%
06135,1390,Trujillanos,PP,46.11%,0.00%,0.00%,0,0.00%,0,0.00%,0,0.00%,2,0.24%,3,0.36%,380,46.11%,211,25.60%,3,0.36%,0,0.00%,60,7.28%,156,18.93%
06136,1729,Usagre,PSOE,37.45%,0.00%,0.00%,0,0.00%,0,0.00%,8,0.97%,2,0.24%,0,0.00%,292,35.74%,306,37.45%,3,0.36%,0,0.00%,99,12.11%,96,11.75%
06137,1046,Valdecaballeros,PSOE,42.54%,0.00%,0.00%,1,0.15%,0,0.00%,2,0.31%,4,0.62%,0,0.00%,273,42.39%,274,42.54%,0,0.00%,0,0.00%,27,4.19%,60,9.31%
06138,1137,Valdetorres,PSOE,43.50%,0.00%,0.00%,2,0.33%,0,0.00%,7,1.16%,0,0.00%,3,0.50%,173,28.83%,261,43.50%,0,0.00%,0,0.00%,51,8.50%,93,15.50%
06139,480,Valencia de las Torres,PSOE,50.15%,0.00%,0.00%,0,0.00%,0,0.00%,0,0.00%,0,0.00%,1,0.30%,76,23.10%,165,50.15%,1,0.30%,0,0.00%,31,9.42%,54,16.41%
06140,709,Valencia del Mombuey,PP,59.66%,0.00%,0.00%,1,0.23%,0,0.00%,2,0.47%,1,0.23%,0,0.00%,250,59.66%,101,24.10%,0,0.00%,0,0.00%,10,2.38%,49,11.69%
06141,1889,Valencia del Ventoso,PP,44.35%,0.00%,0.00%,2,0.20%,0,0.00%,3,0.30%,7,0.71%,0,0.00%,436,44.35%,336,34.18%,0,0.00%,0,0.00%,63,6.40%,124,12.61%
06142,271,Valverde de Burguillos,PSOE,50.89%,0.00%,0.00%,0,0.00%,0,0.00%,2,1.19%,0,0.00%,1,0.59%,48,28.74%,85,50.89%,0,0.00%,0,0.00%,13,7.78%,17,10.17%
06143,4231,Valverde de Leganés,PSOE,48.54%,0.00%,0.00%,0,0.00%,0,0.00%,4,0.17%,6,0.26%,0,0.00%,674,29.24%,1119,48.54%,0,0.00%,5,0.21%,168,7.28%,282,12.23%
06144,563,Valverde de Llerena,PSOE,44.29%,0.00%,0.00%,0,0.00%,0,0.00%,4,1.34%,6,2.01%,0,0.00%,81,27.18%,132,44.29%,2,0.67%,0,0.00%,46,15.43%,23,7.71%
06145,1010,Valverde de Mérida,PP,41.13%,0.00%,0.00%,1,0.17%,0,0.00%,0,0.00%,0,0.00%,0,0.00%,232,41.13%,226,40.07%,0,0.00%,0,0.00%,30,5.31%,72,12.76%
06146,1092,Valle de la Serena,PSOE,42.53%,0.00%,0.00%,2,0.34%,0,0.00%,3,0.52%,5,0.86%,0,0.00%,158,27.43%,245,42.53%,0,0.00%,0,0.00%,83,14.40%,73,12.67%
06147,333,Valle de Matamoros,PSOE,39.06%,0.00%,0.00%,0,0.00%,0,0.00%,0,0.00%,1,0.52%,1,0.52%,63,32.81%,75,39.06%,0,0.00%,0,0.00%,25,13.02%,25,13.02%
06148,1110,Valle de Santa Ana,PP,33.27%,0.00%,0.00%,1,0.17%,0,0.00%,0,0.00%,2,0.35%,0,0.00%,186,33.27%,178,31.84%,0,0.00%,2,0.35%,135,24.15%,53,9.48%
06149,12354,Villafranca de los Barros,PP,44.16%,0.00%,0.00%,31,0.51%,0,0.00%,41,0.68%,0,0.00%,0,0.00%,2653,44.16%,1510,25.13%,0,0.00%,78,1.29%,470,7.82%,1056,17.57%
06150,894,Villagarcía de la Torre,PP,34.86%,0.00%,0.00%,0,0.00%,0,0.00%,5,0.99%,3,0.59%,0,0.00%,175,34.86%,149,29.68%,0,0.00%,2,0.39%,96,19.12%,61,12.15%
06151,1225,Villagonzalo,PSOE,39.00%,0.00%,0.00%,0,0.00%,0,0.00%,3,0.48%,4,0.64%,0,0.00%,213,34.18%,243,39.00%,2,0.32%,0,0.00%,51,8.18%,95,15.24%
06152,1459,Villalba de los Barros,PP,41.60%,0.00%,0.00%,2,0.29%,0,0.00%,2,0.29%,0,0.00%,2,0.29%,285,41.60%,200,29.19%,0,0.00%,0,0.00%,73,10.65%,116,16.93%
06153,25730,Villanueva de la Serena,PP,38.65%,0.00%,0.00%,0,0.00%,0,0.00%,60,0.45%,77,0.58%,54,0.40%,5117,38.65%,4049,30.58%,0,0.00%,0,0.00%,1134,8.56%,2510,18.95%
06154,3294,Villanueva del Fresno,PP,44.84%,0.00%,0.00%,3,0.17%,0,0.00%,0,0.00%,5,0.28%,2,0.11%,778,44.84%,614,35.38%,0,0.00%,0,0.00%,71,4.09%,238,13.71%
06155,2082,Villar del Rey,PP,45.61%,0.00%,0.00%,0,0.00%,0,0.00%,10,0.92%,10,0.92%,0,0.00%,494,45.61%,279,25.76%,0,0.00%,8,0.73%,90,8.31%,174,16.06%
06156,1323,Villar de Rena,PP,41.20%,0.00%,0.00%,1,0.12%,0,0.00%,4,0.49%,0,0.00%,0,0.00%,335,41.20%,241,29.64%,0,0.00%,2,0.24%,60,7.38%,162,19.92%
06157,394,Villarta de los Montes,PSOE,36.66%,0.00%,0.00%,0,0.00%,0,0.00%,0,0.00%,1,0.55%,0,0.00%,65,36.11%,66,36.66%,1,0.55%,0,0.00%,9,5.00%,35,19.44%
06158,16680,Zafra,PP,41.05%,0.00%,0.00%,0,0.00%,0,0.00%,95,1.15%,73,0.88%,45,0.54%,3375,41.05%,1824,22.18%,0,0.00%,0,0.00%,1287,15.65%,1336,16.25%
06159,2768,Zahínos,PP,40.09%,0.00%,0.00%,0,0.00%,0,0.00%,12,1.16%,6,0.58%,3,0.29%,413,40.09%,249,24.17%,0,0.00%,0,0.00%,147,14.27%,178,17.28%
06160,3430,Zalamea de la Serena,PP,46.50%,0.00%,0.00%,0,0.00%,0,0.00%,14,0.81%,10,0.58%,0,0.00%,798,46.50%,569,33.15%,0,0.00%,6,0.34%,123,7.16%,182,10.60%
06161,297,Zarza-Capilla,PP,36.96%,0.00%,0.00%,1,0.60%,0,0.00%,0,0.00%,0,0.00%,0,0.00%,61,36.96%,59,35.75%,0,0.00%,0,0.00%,21,12.72%,22,13.33%
06162,3350,La Zarza,PP,44.54%,0.00%,0.00%,8,0.44%,0,0.00%,11,0.60%,6,0.33%,0,0.00%,805,44.54%,538,29.77%,0,0.00%,0,0.00%,131,7.24%,268,14.83%
06901,2753,Valdelacalzada,PP,35.21%,0.00%,0.00%,0,0.00%,0,0.00%,2,0.14%,5,0.35%,3,0.21%,492,35.21%,454,32.49%,0,0.00%,0,0.00%,127,9.09%,294,21.04%
06902,1951,Pueblonuevo del Guadiana,PP,47.28%,0.00%,0.00%,3,0.29%,0,0.00%,7,0.69%,8,0.78%,0,0.00%,479,47.28%,245,24.18%,0,0.00%,0,0.00%,113,11.15%,141,13.91%
06903,2443,Guadiana,PP,41.02%,0.00%,0.00%,3,0.23%,0,0.00%,9,0.69%,0,0.00%,5,0.38%,528,41.02%,363,28.20%,0,0.00%,0,0.00%,146,11.34%,214,16.62%